angDist,ID,database,ra,dec,TIC,RAdeg,DEdeg,HIP,TYC,UCAC4,2MASS,objID,WISEA,GAIA,APASS,KIC,S/G,Ref,r_Pos,pmRA,e_pmRA,pmDE,e_pmDE,r_pm,Plx,e_Plx,Vmag,e_Vmag,Gmag,e_Gmag,Tmag,e_Tmag,f_Tmag,Flag,Teff,s_Teff,logg,s_logg,[M/H],e_[M/H],Rad,s_Rad,Mass,s_Mass,Dist,s_Dist,E(B-V),s_E(B-V),e_Dist,E_Dist,RAOdeg,DEOdeg,l,b,sector_list,filenames,TPfPloter,sector_TPfPloter,delta
0.0673,OGLE-LMC-LPV-01700,3,70.57912499999999,-69.34938888888888,294665029,70.57909510321,-69.34937345157,0,,104-004413,04421899-6920577,0,J044218.99-692057.7,4656160306000923648,32263085,0,STAR,tmgaia2,tmgaia2,2.092,0.094,-0.298,0.123,gaia2,-0.0203,0.0591,15.693,0.206,13.9437,0.016249,12.563,0.017,rered,gaia2,3040.0,128.0,,,,,,,,,5444.48,1041.53,0.1349,0.0,916.34,1166.72,70.57912063753,-69.34937473391,-78.82933379944562,-36.46364729414114,"[61, 63, 64, 65, 67, 68, 69, 66]","['hlsp_tess-spoc_tess_phot_0000000294665029-s0061_tess_v1_lc.fits', 'hlsp_tess-spoc_tess_phot_0000000294665029-s0063_tess_v1_lc.fits', 'hlsp_tess-spoc_tess_phot_0000000294665029-s0064_tess_v1_lc.fits', 'hlsp_tess-spoc_tess_phot_0000000294665029-s0065_tess_v1_lc.fits', 'hlsp_tess-spoc_tess_phot_0000000294665029-s0067_tess_v1_lc.fits', 'hlsp_tess-spoc_tess_phot_0000000294665029-s0068_tess_v1_lc.fits', 'hlsp_tess-spoc_tess_phot_0000000294665029-s0069_tess_v1_lc.fits', 'hlsp_tess-spoc_tess_phot_0000000294665029-s0066_tess_v1_lc.fits']",Gaia_TIC294665029_S61.dat,61,-2.9819180000000003
0.171994,OGLE-GD-LPV-018950,4,279.0600833333333,5.07775,106774563,279.0601143383,5.0777864526,0,,476-084421,18361442+0504399,0,J183614.42+050439.8,4283893912559950848,38796579,0,STAR,tmgaia2,tmgaia2,-4.534,0.296,-13.867,0.254,gaia2,0.6021,0.1778,14.664,0.08,11.528,0.02998,9.628,0.032,rered,gaia2,,,,,,,,,,,1704.68,733.305,0.4554,0.0588,475.71,990.9,279.06009473879,5.07772674918,35.73566471302537,5.687354863149647,[80],['hlsp_tess-spoc_tess_phot_0000000106774563-s0080_tess_v1_lc.fits'],Gaia_TIC106774563_S80.dat,80,-4.396341999999999
0.094161,OGLE-BLG-LPV-240065,4,262.6884166666666,-37.13875,175626103,262.68842883811,-37.13877428966,0,,,17304521-3708195,0,J173045.24-370819.5,5974215950162096512,0,0,STAR,tmgaia2,tmgaia2,,,,,,,,,,13.9191,0.039378,9.572,1.0,jhk,,,,,,,,,,,,,,,,,,262.68842883811,-37.13877428966,-8.59582796096418,-1.7566316661486834,[66],['hlsp_tess-spoc_tess_phot_0000000175626103-s0066_tess_v1_lc.fits'],Gaia_TIC175626103_S66.dat,66,-2.7793089999999996
0.143397,OGLE-GD-LPV-023882,4,285.85341666666665,-0.5438055555555555,308333772,285.85342127956,-0.54376599098,0,,448-094716,19032482-0032375,0,J190324.87-003237.9,4265533992516182912,0,0,STAR,tmgaia2,tmgaia2,-4.829,0.424,-7.079,0.359,gaia2,0.4503,0.1839,16.851,0.103,11.3881,0.016415,9.554,0.025,rered,gaia2,,,,,,,,,,,2246.0,1201.77,0.335,0.1032,741.33,1662.2,285.85340048731,-0.54379647212,33.81363065756159,-2.9124542791030863,[80],['hlsp_tess-spoc_tess_phot_0000000308333772-s0080_tess_v1_lc.fits'],Gaia_TIC308333772_S80.dat,80,-3.63101
0.076203,OGLE-GD-LPV-016593,4,255.7707083333333,-43.162444444444446,123396860,255.77068844764,-43.16245986108,0,,,17030495-4309447,0,J170304.95-430944.5,5965400100294063616,0,0,STAR,tmgaia2,tmgaia2,,,,,,,,,,12.8815,0.040617,7.632,1.0,jhk,,,,,,,,,,,,,,,,,,255.77068844764,-43.16245986108,-16.565062875104434,-0.9345627727583432,[66],['hlsp_tess-spoc_tess_phot_0000000123396860-s0066_tess_v1_lc.fits'],Gaia_TIC123396860_S66.dat,66,-3.2641660000000012
0.035285,OGLE-BLG-LPV-234470,4,257.9405,-35.72522222222222,45589186,257.94051207219,-35.72522234497,0,,,17114573-3543308,0,J171145.72-354330.6,5977062134781258752,0,0,STAR,tmgaia2,tmgaia2,,,,,,,,,,13.9092,0.013992,10.052,1.0,jhk,,,,,,,,,,,,,,,,,,257.94051207219,-35.72522234497,-9.609710385588553,2.1877302318236915,[66],['hlsp_tess-spoc_tess_phot_0000000045589186-s0066_tess_v1_lc.fits'],Gaia_TIC45589186_S66.dat,66,-2.559300000000002
0.157835,OGLE-GD-LPV-001703,4,170.0474583333333,-61.87138888888889,468095433,170.04747549788,-61.87134579925,0,,141-071692,11201139-6152168,0,J112011.31-615217.0,5336958045990681856,30510530,0,STAR,tmgaia2,tmgaia2,-8.234,0.264,-0.046,0.195,gaia2,0.2789,0.1795,12.43,0.087,10.1682,0.041499,8.018,0.116,rered,gaia2,,,,,,,,,,,3251.19,1833.39,1.1219,0.4799,1195.61,2471.16,170.04740030096,-61.87134599946,-67.60142735710971,-0.8801352185907888,[64],['hlsp_tess-spoc_tess_phot_0000000468095433-s0064_tess_v1_lc.fits'],Gaia_TIC468095433_S64.dat,64,-2.5350839999999994
0.099885,OGLE-LMC-LPV-11378,3,75.19387499999999,-66.90119444444446,30643326,75.19384264411,-66.90116977263,0,,116-005546,05004653-6654043,0,J050046.52-665404.2,4662077602729928448,32435076,0,STAR,tmgaia2,tmgaia2,2.167,0.115,-0.423,0.147,gaia2,0.1101,0.078,17.412,1.133,14.2891,0.001157,12.88,0.006,rered,gaia2,,,,,,,,,,,3729.52,794.665,0.1269,0.0,677.44,911.89,75.19386642869,-66.90117159485,-82.35277586447316,-35.55930261432182,"[61, 62, 63, 64, 65, 67, 68, 66]","['hlsp_tess-spoc_tess_phot_0000000030643326-s0061_tess_v1_lc.fits', 'hlsp_tess-spoc_tess_phot_0000000030643326-s0062_tess_v1_lc.fits', 'hlsp_tess-spoc_tess_phot_0000000030643326-s0063_tess_v1_lc.fits', 'hlsp_tess-spoc_tess_phot_0000000030643326-s0064_tess_v1_lc.fits', 'hlsp_tess-spoc_tess_phot_0000000030643326-s0065_tess_v1_lc.fits', 'hlsp_tess-spoc_tess_phot_0000000030643326-s0067_tess_v1_lc.fits', 'hlsp_tess-spoc_tess_phot_0000000030643326-s0068_tess_v1_lc.fits', 'hlsp_tess-spoc_tess_phot_0000000030643326-s0066_tess_v1_lc.fits']",Gaia_TIC30643326_S61.dat,61,-2.599434999999998
0.059423,OGLE-GD-LPV-019740,4,280.1331666666666,-8.097833333333334,197443507,280.13318207796,-8.09782703507,0,,,18403196-0805520,0,J184031.95-080551.9,4252535772224357248,0,0,STAR,tmgaia2,tmgaia2,,,,,,,,,,13.1548,0.024789,8.201,1.0,jhk,,,,,,,,,,,,,,,,,,280.13318207796,-8.09782703507,24.485974537532883,-1.2790218163894265,[80],['hlsp_tess-spoc_tess_phot_0000000197443507-s0080_tess_v1_lc.fits'],Gaia_TIC197443507_S80.dat,80,-3.001755000000001
0.149744,OGLE-GD-LPV-000758,4,143.86874999999998,-48.00613888888889,299752636,143.86869570358,-48.00615915056,0,,210-034443,09352850-4800222,0,J093528.48-480021.9,5410196412447649664,22709115,0,STAR,tmgaia2,tmgaia2,-5.836,0.123,5.133,0.125,gaia2,0.2113,0.0723,12.433,0.04,11.8612,0.01693,10.247,0.025,rered,gaia2,3119.0,137.0,,,,,,,,,3698.13,969.3,0.5561,0.0581,767.49,1171.11,143.86865814538,-48.00613705174,-87.43578156290113,2.9707794715662925,"[62, 63]","['hlsp_tess-spoc_tess_phot_0000000299752636-s0062_tess_v1_lc.fits', 'hlsp_tess-spoc_tess_phot_0000000299752636-s0063_tess_v1_lc.fits']",Gaia_TIC299752636_S62.dat,62,-5.242574999999999
0.110107,OGLE-GD-LPV-003074,4,190.75625,-63.8785,433931982,190.75618083454,-63.87849714564,0,,,12430149-6352425,0,J124301.49-635242.7,5862850677978656768,0,0,STAR,tmgaia2,tmgaia2,,,,,,,,,,13.8482,0.0266,9.463,1.0,jhk,,,,,,,,,,,,,,,,,,190.75618083454,-63.87849714564,-57.99405538445724,-1.0218792699682513,"[64, 65]","['hlsp_tess-spoc_tess_phot_0000000433931982-s0064_tess_v1_lc.fits', 'hlsp_tess-spoc_tess_phot_0000000433931982-s0065_tess_v1_lc.fits']",Gaia_TIC433931982_S64.dat,64,-2.7794039999999995
0.150771,OGLE-GD-LPV-019823,4,280.22091666666665,-9.578694444444444,203433082,280.22088286116,-9.57871979867,0,,,18405301-0934434,0,J184053.01-093443.3,4155359388420548608,0,0,STAR,tmgaia2,tmgaia2,,,,,,,,,,13.4837,0.03873,9.452,1.0,jhk,,,,,,,,,,,,,,,,,,280.22088286116,-9.57871979867,23.20800452368865,-2.03310923387536,[80],['hlsp_tess-spoc_tess_phot_0000000203433082-s0080_tess_v1_lc.fits'],Gaia_TIC203433082_S80.dat,80,-2.92235
0.142252,OGLE-GD-LPV-010336,4,239.8638333333333,-49.91341666666666,298367219,239.86383034729,-49.91345613442,0,,,15592733-4954483,0,J155927.32-495448.4,5981897378923645568,0,0,STAR,tmgaia2,tmgaia2,,,,,,,,,,13.5134,0.011518,8.975,1.0,jhk,,,,,,,,,,,,,,,,,,239.86383034729,-49.91345613442,-28.94287609675024,2.4049999018104664,[65],['hlsp_tess-spoc_tess_phot_0000000298367219-s0065_tess_v1_lc.fits'],Gaia_TIC298367219_S65.dat,65,-2.917461000000001
0.01216,OGLE-GD-LPV-018620,4,278.21195833333337,-0.2279166666666666,43855395,278.21196170994,-0.2279167601,0,,,18325087-0013405,1237668688509866761,J183250.86-001340.4,4272217614448348928,0,0,STAR,tmgaia2,tmgaia2,,,,,,,,,,15.0345,0.034681,9.951,1.0,jhk,,,,,,,,,,,,,,,,,,278.21196170994,-0.2279167601,30.60583696220969,4.0310686808019405,[80],['hlsp_tess-spoc_tess_phot_0000000043855395-s0080_tess_v1_lc.fits'],Gaia_TIC43855395_S80.dat,80,-2.535368
0.14096,OGLE-GD-LPV-003639,4,197.2705,-63.23744444444444,441362393,197.27041363704,-63.23744900799,0,,,13090494-6314150,0,J130904.92-631414.9,5862344799580984832,0,0,STAR,tmgaia2,tmgaia2,,,,,,,,,,13.6192,0.021815,8.592,1.0,jhk,,,,,,,,,,,,,,,,,,197.27041363704,-63.23744900799,-55.08332519244741,-0.4337114946037479,"[64, 65]","['hlsp_tess-spoc_tess_phot_0000000441362393-s0064_tess_v1_lc.fits', 'hlsp_tess-spoc_tess_phot_0000000441362393-s0065_tess_v1_lc.fits']",Gaia_TIC441362393_S64.dat,64,-2.5991940000000007
0.043232,OGLE-BLG-LPV-263628,4,276.5239583333333,-14.829138888888888,413577630,276.52395342632,-14.82912785655,0,,,18260575-1449449,0,J182605.81-144944.9,4104197218218028416,0,0,STAR,tmgaia2,tmgaia2,,,,,,,,,,13.1989,0.031266,8.356,1.0,jhk,,,,,,,,,,,,,,,,,,276.52395342632,-14.82912785655,16.881165809334558,-1.2470710801016462,[80],['hlsp_tess-spoc_tess_phot_0000000413577630-s0080_tess_v1_lc.fits'],Gaia_TIC413577630_S80.dat,80,-3.3009699999999995
0.107995,OGLE-GD-LPV-007965,4,229.0808333333333,-59.79272222222222,43464434,229.0807811261,-59.79273671232,0,,152-146715,15161938-5947338,0,J151619.41-594734.0,5876714866825764224,28958565,0,STAR,tmgaia2,tmgaia2,,,,,,,,15.198,0.092,13.2229,0.030151,9.771,0.033,vjk,,,,,,,,,,,,,,,,,,229.0807811261,-59.79273671232,-39.76279414850816,-1.8810450747921703,[65],['hlsp_tess-spoc_tess_phot_0000000043464434-s0065_tess_v1_lc.fits'],Gaia_TIC43464434_S65.dat,65,-2.9030389999999997
0.110744,OGLE-GD-LPV-000257,4,116.45658333333331,-36.04197222222222,175470784,116.45661292855,-36.04195289185,0,,270-021810,07454958-3602310,0,J074549.58-360230.9,5587407484628386048,17848111,0,STAR,tmgaia2,tmgaia2,-0.865,0.173,3.226,0.163,gaia2,0.2122,0.1103,16.373,0.057,12.7195,0.014265,10.817,0.017,rered,gaia2,,,,,,,,,,,3921.63,1732.11,0.6825,0.0385,1199.26,2264.96,116.45660832211,-36.04193900058,-109.23606988610652,-5.687937559744481,[61],['hlsp_tess-spoc_tess_phot_0000000175470784-s0061_tess_v1_lc.fits'],Gaia_TIC175470784_S61.dat,61,-2.92516
0.107286,OGLE-GD-LPV-016688,4,256.07716666666664,-52.04136111111111,212374773,256.07713614147,-52.04138425416,0,,190-165489,17041852-5202289,0,J170418.52-520228.5,5924437622822786432,0,0,STAR,tmgaia2,tmgaia2,,,,,,,,14.13,0.092,12.8238,0.027916,9.748,0.05,vjk,,,,,,,,,,,,,,,,,,256.07713614147,-52.04138425416,-23.519842802203065,-6.479744829597442,[66],['hlsp_tess-spoc_tess_phot_0000000212374773-s0066_tess_v1_lc.fits'],Gaia_TIC212374773_S66.dat,66,-2.917520999999999
0.144751,OGLE-GD-LPV-025549,4,288.795625,12.633805555555556,342923043,288.7956661713,12.63380721202,0,,,19151095+1238016,0,J191510.97+123801.5,4313230910020545152,0,0,STAR,tmgaia2,tmgaia2,-3.025,0.269,-6.076,0.239,gaia2,-0.239,0.166,,,13.2686,0.017027,8.346,1.0,jhk,gaia2,,,,,,,,,,,5923.61,2288.6,2.2156,0.6511,1848.62,2728.59,288.79565282576,12.63378105056,46.85891204075899,0.5682835340775875,"[54, 80, 81]","['hlsp_tess-spoc_tess_phot_0000000342923043-s0054_tess_v1_lc.fits', 'hlsp_tess-spoc_tess_phot_0000000342923043-s0080_tess_v1_lc.fits', 'hlsp_tess-spoc_tess_phot_0000000342923043-s0081_tess_v1_lc.fits']",Gaia_TIC342923043_S54.dat,54,-2.6065780000000007
0.153261,OGLE-GD-LPV-018779,4,278.6402083333333,-6.763166666666667,218308578,278.64020889455,-6.7632092356,0,,,18343364-0645473,0,J183433.63-064547.4,4255918866409839744,0,0,STAR,tmgaia2,tmgaia2,,,,,,,,,,14.4792,0.03056,9.644,1.0,jhk,,,,,,,,,,,,,,,,,,278.64020889455,-6.7632092356,24.992055639251976,0.6488758744535122,[80],['hlsp_tess-spoc_tess_phot_0000000218308578-s0080_tess_v1_lc.fits'],Gaia_TIC218308578_S80.dat,80,-3.042064
0.073545,OGLE-GD-LPV-020953,4,281.436375,-2.602305555555556,225773894,281.43638671199,-2.60232230253,0,,,18454473-0236083,1237668708911810231,,4258698290050218368,0,0,STAR,tmgaia2,tmgaia2,,,,,,,,,,13.1539,0.037008,7.763,1.0,jhk,,,,,,,,,,,,,,,,,,281.43638671199,-2.60232230253,29.96719888668177,0.0789071175268014,[80],['hlsp_tess-spoc_tess_phot_0000000225773894-s0080_tess_v1_lc.fits'],Gaia_TIC225773894_S80.dat,80,-3.680900000000001
0.125938,OGLE-BLG-LPV-237927,4,261.2025833333333,-35.81888888888889,158688465,261.20259962407,-35.81892128188,0,,,17244862-3549079,0,J172448.69-354908.0,5975333633782328576,0,0,STAR,tmgaia2,tmgaia2,,,,,,,,,,13.3097,0.017189,7.993,1.0,jhk,,,,,,,,,,,,,,,,,,261.20259962407,-35.81892128188,-8.162090772840408,-0.0300350766061042,[66],['hlsp_tess-spoc_tess_phot_0000000158688465-s0066_tess_v1_lc.fits'],Gaia_TIC158688465_S66.dat,66,-3.160490000000001
0.118086,OGLE-GD-LPV-007035,4,223.7232083333333,-64.23361111111112,296283279,223.72319880642,-64.23357857181,0,,,14545357-6414008,0,J145453.52-641400.8,5873115993469944320,0,0,STAR,tmgaia2,tmgaia2,-5.927,0.141,-3.256,0.229,gaia2,-0.8759,0.1691,,,13.39,0.024981,9.976,0.328,bpjk,gaia2,,,,,,,,,,,9439.88,3218.22,0.6958,0.005,2706.21,3730.22,223.72314010523,-64.23359258942,-44.14204576268732,-4.505394943382516,[65],['hlsp_tess-spoc_tess_phot_0000000296283279-s0065_tess_v1_lc.fits'],Gaia_TIC296283279_S65.dat,65,-3.3013010000000005
0.15382,OGLE-LMC-LPV-12184,3,75.39412499999999,-68.09855555555555,30722286,75.39423933174,-68.09855818062,0,,110-005659,05013461-6805549,0,J050134.61-680554.9,4661361472734880384,32435375,0,STAR,tmgaia2,tmgaia2,3.148,0.213,-0.117,0.224,gaia2,0.3067,0.1174,12.579,0.744,11.6113,0.02162,9.774,0.022,rered,gaia2,,,,,,,,,,,2349.47,567.6,0.3104,0.0,463.61,671.59,75.39427566274,-68.09855868554,-80.95573411674827,-35.18267172854744,"[61, 62, 63, 64, 65, 67, 68, 69, 66]","['hlsp_tess-spoc_tess_phot_0000000030722286-s0061_tess_v1_lc.fits', 'hlsp_tess-spoc_tess_phot_0000000030722286-s0062_tess_v1_lc.fits', 'hlsp_tess-spoc_tess_phot_0000000030722286-s0063_tess_v1_lc.fits', 'hlsp_tess-spoc_tess_phot_0000000030722286-s0064_tess_v1_lc.fits', 'hlsp_tess-spoc_tess_phot_0000000030722286-s0065_tess_v1_lc.fits', 'hlsp_tess-spoc_tess_phot_0000000030722286-s0067_tess_v1_lc.fits', 'hlsp_tess-spoc_tess_phot_0000000030722286-s0068_tess_v1_lc.fits', 'hlsp_tess-spoc_tess_phot_0000000030722286-s0069_tess_v1_lc.fits', 'hlsp_tess-spoc_tess_phot_0000000030722286-s0066_tess_v1_lc.fits']",Gaia_TIC30722286_S61.dat,61,-4.5718510000000006
0.158316,OGLE-GD-LPV-012878,4,247.42995833333333,-59.72869444444444,221179645,247.43004520508,-59.72869847363,0,,152-180657,16294320-5943431,0,J162943.19-594343.4,5831653684859692416,0,0,STAR,tmgaia2,tmgaia2,-5.627,0.206,-7.076,0.178,gaia2,0.3576,0.1251,17.505,0.229,11.3145,0.011814,9.823,0.014,rered,gaia2,,,,,,,,,,,2757.78,1287.55,0.1822,0.0113,822.93,1752.16,247.42999714655,-59.72872894078,-32.58184415770857,-7.685375903757311,[66],['hlsp_tess-spoc_tess_phot_0000000221179645-s0066_tess_v1_lc.fits'],Gaia_TIC221179645_S66.dat,66,-4.184660000000001
0.082427,OGLE-GD-LPV-017534,4,274.4459583333333,-9.082138888888888,14655089,274.44598112825,-9.08213469603,0,,,18174702-0904558,0,J181747.03-090455.6,4157860983453147520,0,0,STAR,tmgaia2,tmgaia2,-2.892,0.351,-6.215,0.312,gaia2,0.204,0.2148,,,13.8875,0.037833,9.57,1.0,jhk,gaia2,,,,,,,,,,,3330.68,1753.72,1.3173,0.051,1234.02,2273.43,274.44596851749,-9.08216145652,21.003020368947546,3.2452594067732154,[80],['hlsp_tess-spoc_tess_phot_0000000014655089-s0080_tess_v1_lc.fits'],Gaia_TIC14655089_S80.dat,80,-3.0207400000000018
0.11539,OGLE-GD-LPV-000797,4,145.30829166666666,-49.379777777777775,362368622,145.30832001706,-49.37975157255,0,,204-030054,09411399-4922471,0,J094114.01-492247.1,5409069172514684416,22724899,0,STAR,tmgaia2,tmgaia2,-3.152,3.401,-3.25,3.401,hsoy,,,16.77,0.183,14.6214,0.016566,13.47,0.018,gbprp,,,,,,,,,,,,,,,,,,145.30829917372,-49.37976556423,-85.81080962119074,2.576763154383371,"[35, 36]","['hlsp_tess-spoc_tess_phot_0000000362368622-s0035_tess_v1_lc.fits', 'hlsp_tess-spoc_tess_phot_0000000362368622-s0036_tess_v1_lc.fits']",Gaia_TIC362368622_S35.dat,35,-2.8708360000000006
0.16223,OGLE-GD-LPV-021241,4,281.8170416666667,-2.196361111111111,226089108,281.81703139424,-2.19640499024,0,,,18471608-0211471,0,J184716.13-021147.3,4259121567667650944,0,0,STAR,tmgaia2,tmgaia2,,,,,,,,,,12.987,0.017752,8.256,1.0,jhk,,,,,,,,,,,,,,,,,,281.81703139424,-2.19640499024,30.5019797250926,-0.0742367877195019,[80],['hlsp_tess-spoc_tess_phot_0000000226089108-s0080_tess_v1_lc.fits'],Gaia_TIC226089108_S80.dat,80,-2.8400119999999998
0.114615,OGLE-GD-LPV-018554,4,278.068875,-3.047111111111111,43378021,278.06889919861,-3.04713184041,0,,,18321653-0302496,0,J183216.53-030249.6,4258091016035208832,0,0,STAR,tmgaia2,tmgaia2,,,,,,,,,,15.9564,0.059989,10.581,1.0,jhk,,,,,,,,,,,,,,,,,,278.06889919861,-3.04713184041,28.030407239700324,2.8650077531617826,[80],['hlsp_tess-spoc_tess_phot_0000000043378021-s0080_tess_v1_lc.fits'],Gaia_TIC43378021_S80.dat,80,-3.771732
0.06306,OGLE-LMC-LPV-51998,3,81.13804166666665,-70.71002777777778,373687515,81.13809263425,-70.71002294638,0,,097-007716,05243313-7042361,0,J052433.13-704236.0,4651905299124204544,33591749,0,STAR,tmgaia2,tmgaia2,,,,,,,,14.359,0.149,14.7654,0.074413,13.273,0.075,gbprp,,,,,,,,,,,,,,,,,,81.13809263425,-70.71002294638,-78.43885807561331,-32.62882874086992,"[62, 63, 64, 65, 68, 69, 66]","['hlsp_tess-spoc_tess_phot_0000000373687515-s0062_tess_v1_lc.fits', 'hlsp_tess-spoc_tess_phot_0000000373687515-s0063_tess_v1_lc.fits', 'hlsp_tess-spoc_tess_phot_0000000373687515-s0064_tess_v1_lc.fits', 'hlsp_tess-spoc_tess_phot_0000000373687515-s0065_tess_v1_lc.fits', 'hlsp_tess-spoc_tess_phot_0000000373687515-s0068_tess_v1_lc.fits', 'hlsp_tess-spoc_tess_phot_0000000373687515-s0069_tess_v1_lc.fits', 'hlsp_tess-spoc_tess_phot_0000000373687515-s0066_tess_v1_lc.fits']",Gaia_TIC373687515_S62.dat,62,-3.1634269999999987
0.180502,OGLE-GD-LPV-005971,4,217.1035,-54.30416666666667,263760730,217.10344824681,-54.30420669297,0,,179-117598,14282484-5418150,0,J142824.80-541814.9,5895965597413156736,26711161,0,STAR,tmgaia2,tmgaia2,,,,,,,,17.586,1.133,12.1695,0.004994,9.693,0.035,vjk,,,,,,,,,,,,,,,,,,217.10344824681,-54.30420669297,-43.129757420650485,5.922136266071756,[65],['hlsp_tess-spoc_tess_phot_0000000263760730-s0065_tess_v1_lc.fits'],Gaia_TIC263760730_S65.dat,65,-2.5001110000000004
0.081334,OGLE-GD-LPV-025413,4,288.4935833333333,15.282305555555556,315585009,288.49358972097,15.28228381927,0,,,19135846+1516562,0,J191358.47+151656.4,4320614680378696448,0,0,STAR,tmgaia2,tmgaia2,,,,,,,,,,14.1981,0.056706,8.866,1.0,jhk,,,,,,,,,,,,,,,,,,288.49358972097,15.28228381927,49.06929707988815,2.0574086593095795,"[80, 81]","['hlsp_tess-spoc_tess_phot_0000000315585009-s0080_tess_v1_lc.fits', 'hlsp_tess-spoc_tess_phot_0000000315585009-s0081_tess_v1_lc.fits']",Gaia_TIC315585009_S80.dat,80,-3.4387839999999983
0.200818,OGLE-GD-LPV-018077,4,276.8519999999999,-6.608027777777777,386109284,276.85195734425,-6.60806405845,0,,,18272446-0636289,0,J182724.47-063628.9,4160140644720855680,0,0,STAR,tmgaia2,tmgaia2,,,,,,,,,,12.979,0.009194,8.645,1.0,jhk,,,,,,,,,,,,,,,,,,276.85195734425,-6.60806405845,24.30834144130269,2.295474264228848,[80],['hlsp_tess-spoc_tess_phot_0000000386109284-s0080_tess_v1_lc.fits'],Gaia_TIC386109284_S80.dat,80,-3.4787470000000003
0.096842,OGLE-GD-LPV-000568,4,135.27916666666664,-46.487722222222224,31150648,135.27913738824,-46.48770441021,0,,,09010699-4629157,0,J090106.99-462915.7,5330243191034374912,0,0,STAR,tmgaia2,tmgaia2,,,,,,,,,,14.1655,0.042117,8.407,1.0,jhk,,,,,,,,,,,,,,,,,,135.27913738824,-46.48770441021,-92.60325965794264,-0.1247710284374441,"[62, 63]","['hlsp_tess-spoc_tess_phot_0000000031150648-s0062_tess_v1_lc.fits', 'hlsp_tess-spoc_tess_phot_0000000031150648-s0063_tess_v1_lc.fits']",Gaia_TIC31150648_S62.dat,62,-2.786897999999999
0.093141,OGLE-GD-LPV-025464,4,288.61266666666666,15.37513888888889,315896488,288.6126550109,15.37511558483,0,,,19142703+1522304,0,J191427.03+152230.4,4320570356322950656,0,0,STAR,tmgaia2,tmgaia2,,,,,,,,,,14.2451,0.00795,10.289,1.0,jhk,,,,,,,,,,,,,,,,,,288.6126550109,15.37511558483,49.20486585973703,1.9986551988317875,"[80, 81]","['hlsp_tess-spoc_tess_phot_0000000315896488-s0080_tess_v1_lc.fits', 'hlsp_tess-spoc_tess_phot_0000000315896488-s0081_tess_v1_lc.fits']",Gaia_TIC315896488_S80.dat,80,-2.690987
0.115399,OGLE-GD-LPV-007777,4,227.9165,-58.33622222222223,41157203,227.91644615509,-58.33623734252,0,,,15113997-5820104,0,J151139.97-582010.3,5877053859978412288,0,0,STAR,tmgaia2,tmgaia2,,,,,,,,,,14.6955,0.025632,9.459,1.0,jhk,,,,,,,,,,,,,,,,,,227.91644615509,-58.33623734252,-39.51901933040075,-0.3253884726125711,[65],['hlsp_tess-spoc_tess_phot_0000000041157203-s0065_tess_v1_lc.fits'],Gaia_TIC41157203_S65.dat,65,-2.5727390000000003
0.073477,OGLE-GD-LPV-004265,4,202.9535833333333,-63.93444444444444,315181712,202.95362514884,-63.93445333182,0,,131-093140,13314885-6356040,0,,5864972147033780736,0,0,STAR,tmgaia2,tmgaia2,-8.368,0.176,-1.9,0.198,gaia2,0.842,0.1334,15.882,0.167,11.4729,0.011329,9.652,0.017,rered,gaia2,,,,,,,,,,,1183.68,210.94,0.408,0.0641,175.12,246.76,202.95354315145,-63.93446151107,-52.64992805252079,-1.4095971617221277,[65],['hlsp_tess-spoc_tess_phot_0000000315181712-s0065_tess_v1_lc.fits'],Gaia_TIC315181712_S65.dat,65,-3.003767
0.05264,OGLE-GD-LPV-018062,4,276.8164583333333,-10.405527777777776,386336084,276.81645711738,-10.40551320446,0,,,18271595-1024198,0,J182715.91-102419.6,4155722295900637440,0,0,STAR,tmgaia2,tmgaia2,0.414,0.442,-3.051,0.396,gaia2,-0.0169,0.2537,,,13.3865,0.059252,8.623,1.0,jhk,gaia2,,,,,,,,,,,4171.34,2137.18,1.2596,0.5258,1604.44,2669.91,276.81645893007,-10.40552633972,20.928590869442782,0.5612596546357835,[80],['hlsp_tess-spoc_tess_phot_0000000386336084-s0080_tess_v1_lc.fits'],Gaia_TIC386336084_S80.dat,80,-2.8616550000000007
0.008912,OGLE-BLG-LPV-246434,4,265.10549999999995,-32.71044444444445,107822248,265.10549708296,-32.71044476739,0,,,17402531-3242375,0,J174025.30-324237.0,4054190506028008960,0,0,STAR,tmgaia2,tmgaia2,,,,,,,,,,14.2552,0.037088,9.456,1.0,jhk,,,,,,,,,,,,,,,,,,265.10549708296,-32.71044476739,-3.797319695815064,-1.0350808305527237,[66],['hlsp_tess-spoc_tess_phot_0000000107822248-s0066_tess_v1_lc.fits'],Gaia_TIC107822248_S66.dat,66,-3.1913920000000005
0.10555,OGLE-BLG-LPV-238939,4,261.963,-36.50966666666667,201196281,261.96300564957,-36.50969563242,0,,,17275113-3630348,0,J172751.14-363034.7,5974489865983256448,0,0,STAR,tmgaia2,tmgaia2,,,,,,,,,,13.4436,0.027261,8.71,1.0,jhk,,,,,,,,,,,,,,,,,,261.96300564957,-36.50969563242,-8.392003348774633,-0.9251247970299272,[66],['hlsp_tess-spoc_tess_phot_0000000201196281-s0066_tess_v1_lc.fits'],Gaia_TIC201196281_S66.dat,66,-3.784487999999998
0.176409,OGLE-LMC-RRLYR-39548,4,80.33937499999998,-62.35686111111112,149060456,80.3392892229,-62.35688970177,0,8882-00037-1,139-005257,05212143-6221247,0,J052121.46-622124.7,4760456779256739968,29835243,0,STAR,tmgaia2,tmgaia2,10.045,0.052,10.16,0.064,gaia2,0.5312,0.0242,12.355,0.033,12.247,0.008358,11.885,0.01,rered,gaia2,6397.0,183.9,3.2134,0.1142,,,4.634,0.344,1.28,0.21,1780.13,76.91,0.0415,0.0103,73.67,80.15,80.33938243639,-62.3568459565,-88.27901522346903,-34.200280980676084,"[27, 28, 29, 30, 35, 36, 37, 38, 39]","['hlsp_tess-spoc_tess_phot_0000000149060456-s0027_tess_v1_lc.fits', 'hlsp_tess-spoc_tess_phot_0000000149060456-s0028_tess_v1_lc.fits', 'hlsp_tess-spoc_tess_phot_0000000149060456-s0029_tess_v1_lc.fits', 'hlsp_tess-spoc_tess_phot_0000000149060456-s0030_tess_v1_lc.fits', 'hlsp_tess-spoc_tess_phot_0000000149060456-s0035_tess_v1_lc.fits', 'hlsp_tess-spoc_tess_phot_0000000149060456-s0036_tess_v1_lc.fits', 'hlsp_tess-spoc_tess_phot_0000000149060456-s0037_tess_v1_lc.fits', 'hlsp_tess-spoc_tess_phot_0000000149060456-s0038_tess_v1_lc.fits', 'hlsp_tess-spoc_tess_phot_0000000149060456-s0039_tess_v1_lc.fits']",Gaia_TIC149060456_S27.dat,27,-3.9660330000000013
0.119328,OGLE-LMC-LPV-82411,3,86.02512499999999,-68.63155555555555,389435568,86.02505466933,-68.63157657949,0,,,05440602-6837535,0,J054406.01-683753.6,4657769063328762368,33106899,0,STAR,tmgaia2,tmgaia2,1.79,0.084,0.767,0.081,gaia2,-0.0937,0.0401,15.005,0.06,13.7985,0.016186,12.298,0.017,rered,gaia2,3556.0,142.0,,,,,116.071,,,,8462.72,1429.98,0.6643,,1287.78,1572.18,86.02507581758,-68.63157327922,-81.13929772013029,-31.23511691783196,"[61, 62, 64, 65, 68, 69, 66]","['hlsp_tess-spoc_tess_phot_0000000389435568-s0061_tess_v1_lc.fits', 'hlsp_tess-spoc_tess_phot_0000000389435568-s0062_tess_v1_lc.fits', 'hlsp_tess-spoc_tess_phot_0000000389435568-s0064_tess_v1_lc.fits', 'hlsp_tess-spoc_tess_phot_0000000389435568-s0065_tess_v1_lc.fits', 'hlsp_tess-spoc_tess_phot_0000000389435568-s0068_tess_v1_lc.fits', 'hlsp_tess-spoc_tess_phot_0000000389435568-s0069_tess_v1_lc.fits', 'hlsp_tess-spoc_tess_phot_0000000389435568-s0066_tess_v1_lc.fits']",Gaia_TIC389435568_S61.dat,61,-4.3839109999999994
0.013995,OGLE-GD-LPV-000086,4,97.489125,16.595388888888888,438430785,97.48912449359,16.5953927459,0,,533-028152,06295739+1635434,0,,3369418340686444288,43248454,0,STAR,tmgaia2,tmgaia2,,,,,,,,12.11,0.046,12.4274,0.027974,8.897,0.03,vjk,,,,,,,,,,,,,,,,,,97.48912449359,16.5953927459,-164.2535267140526,2.8893322728167017,"[71, 72]","['hlsp_tess-spoc_tess_phot_0000000438430785-s0071_tess_v1_lc.fits', 'hlsp_tess-spoc_tess_phot_0000000438430785-s0072_tess_v1_lc.fits']",Gaia_TIC438430785_S71.dat,71,-3.8487620000000007
0.127224,OGLE-GD-LPV-021550,4,282.2312916666666,-1.8157777777777773,182353279,282.23127022861,-1.815805881,0,,,18485550-0148565,1237668689048633454,J184855.55-014856.4,4259229216727492608,0,0,STAR,tmgaia2,tmgaia2,,,,,,,,,,13.3783,0.02921,7.972,1.0,jhk,,,,,,,,,,,,,,,,,,282.23127022861,-1.815805881,31.029511497307908,-0.2690413546238263,[80],['hlsp_tess-spoc_tess_phot_0000000182353279-s0080_tess_v1_lc.fits'],Gaia_TIC182353279_S80.dat,80,-3.043526
0.014781,OGLE-GD-LPV-018257,4,277.33175,-7.985972222222222,213899713,277.33175051771,-7.985976296,0,,,18291962-0759095,0,J182919.61-075909.2,4159673975064888576,0,0,STAR,tmgaia2,tmgaia2,,,,,,,,,,14.338,0.055656,8.33,1.0,jhk,,,,,,,,,,,,,,,,,,277.33175051771,-7.985976296,23.307838791982288,1.2347484127827208,[80],['hlsp_tess-spoc_tess_phot_0000000213899713-s0080_tess_v1_lc.fits'],Gaia_TIC213899713_S80.dat,80,-2.8837829999999975
0.162231,OGLE-GD-LPV-011620,4,244.17529166666665,-59.125166666666665,208151281,244.17524174038,-59.12520373914,0,,155-180412,16164205-5907308,0,J161642.04-590730.6,5831595548188625408,29139009,0,STAR,tmgaia2,tmgaia2,,,,,,,,15.483,0.137,10.9136,0.005518,9.432,0.018,gbprp,,,,,,,,,,,,,,,,,,244.17524174038,-59.12520373914,-33.312028126650446,-6.079613690373713,[66],['hlsp_tess-spoc_tess_phot_0000000208151281-s0066_tess_v1_lc.fits'],Gaia_TIC208151281_S66.dat,66,-2.7610200000000003
0.159626,OGLE-GD-LPV-000462,4,129.7424583333333,-41.30608333333333,180873912,129.74240014426,-41.30609077769,0,,,08385816-4118219,0,J083858.20-411821.8,5528204624622434304,0,0,STAR,tmgaia2,tmgaia2,,,,,,,,,,15.1493,0.040401,9.956,1.0,jhk,,,,,,,,,,,,,,,,,,129.74240014426,-41.30609077769,-99.136259167941,0.0752496984732658,"[61, 62]","['hlsp_tess-spoc_tess_phot_0000000180873912-s0061_tess_v1_lc.fits', 'hlsp_tess-spoc_tess_phot_0000000180873912-s0062_tess_v1_lc.fits']",Gaia_TIC180873912_S61.dat,61,-3.605547999999999
0.131162,OGLE-GD-LPV-009088,4,234.2644583333333,-57.15175,98243339,234.2643931228,-57.15175873473,0,,,15370346-5709062,0,J153703.48-570906.2,5882655356336333440,0,0,STAR,tmgaia2,tmgaia2,,,,,,,,,,13.2535,0.003852,7.322,1.0,jhk,,,,,,,,,,,,,,,,,,234.2643931228,-57.15175873473,-36.0402983456003,-1.202899039434733,[65],['hlsp_tess-spoc_tess_phot_0000000098243339-s0065_tess_v1_lc.fits'],Gaia_TIC98243339_S65.dat,65,-2.8630759999999995
0.093548,OGLE-GD-LPV-000388,4,125.669375,-36.73880555555556,183580788,125.66937125227,-36.73883136693,0,,267-030497,08224065-3644198,0,J082240.64-364419.5,5542090936788705536,17938454,0,STAR,tmgaia2,tmgaia2,-2.244,0.146,4.098,0.139,gaia2,0.3882,0.0847,14.656,0.114,12.0226,0.016334,10.534,0.018,rered,gaia2,,,,,,,,,,,2398.35,547.955,0.0573,0.0126,436.13,659.78,125.6693591974,-36.7388137244,-104.68934599635092,0.2142153211293832,[62],['hlsp_tess-spoc_tess_phot_0000000183580788-s0062_tess_v1_lc.fits'],Gaia_TIC183580788_S62.dat,62,-2.7486880000000014
0.195034,OGLE-GD-LPV-025570,4,288.82745833333325,14.784888888888888,400652459,288.82743590095,14.78483924391,0,,,19151858+1447054,0,J191518.59+144705.4,4320345471824778112,0,0,STAR,tmgaia2,tmgaia2,,,,,,,,,,13.4779,0.023116,8.042,1.0,jhk,,,,,,,,,,,,,,,,,,288.82743590095,14.78483924391,48.77810112412594,1.540993940744348,"[80, 81]","['hlsp_tess-spoc_tess_phot_0000000400652459-s0080_tess_v1_lc.fits', 'hlsp_tess-spoc_tess_phot_0000000400652459-s0081_tess_v1_lc.fits']",Gaia_TIC400652459_S80.dat,80,-2.939337
0.141609,OGLE-GD-LPV-017926,4,276.37679166666663,-7.995111111111111,384446993,276.37677989062,-7.99514867853,0,,,18253042-0759425,0,J182530.42-075942.5,4159347901154528128,0,0,STAR,tmgaia2,tmgaia2,,,,,,,,,,14.4839,0.070146,9.622,1.0,jhk,,,,,,,,,,,,,,,,,,276.37677989062,-7.99514867853,22.860098821118445,2.067878251741932,[80],['hlsp_tess-spoc_tess_phot_0000000384446993-s0080_tess_v1_lc.fits'],Gaia_TIC384446993_S80.dat,80,-3.1122200000000007
0.02877,OGLE-GD-LPV-000450,4,129.17041666666665,-35.574000000000005,11819849,129.17041948042,-35.57400765697,0,,273-037420,08364090-3534263,0,J083640.91-353426.3,5542435156952134016,17977562,0,STAR,tmgaia2,tmgaia2,-2.712,0.083,3.571,0.083,gaia2,0.1934,0.0534,11.283,0.023,11.6566,0.018362,10.214,0.021,rered,gaia2,3212.0,148.0,,,,,,,,,4094.63,888.88,0.3625,0.0264,727.91,1049.85,129.17040512622,-35.57399228222,-103.97381556648811,3.1864913542146733,"[61, 62]","['hlsp_tess-spoc_tess_phot_0000000011819849-s0061_tess_v1_lc.fits', 'hlsp_tess-spoc_tess_phot_0000000011819849-s0062_tess_v1_lc.fits']",Gaia_TIC11819849_S61.dat,61,-3.9591559999999983
0.103919,OGLE-GD-LPV-006841,4,222.71829166666663,-60.36719444444444,294554218,222.71824259721,-60.36717880382,0,,,14505240-6022017,0,J145052.39-602201.5,5878183058402739712,0,0,STAR,tmgaia2,tmgaia2,,,,,,,,,,12.3929,0.001678,8.13,1.0,jhk,,,,,,,,,,,,,,,,,,222.71824259721,-60.36717880382,-42.8158710162956,-0.8431439704782517,[65],['hlsp_tess-spoc_tess_phot_0000000294554218-s0065_tess_v1_lc.fits'],Gaia_TIC294554218_S65.dat,65,-2.5472129999999993
0.05223,OGLE-BLG-LPV-261461,4,274.47516666666667,-11.68425,15121710,274.47517958935,-11.68425709543,0,,,18175404-1141033,0,J181754.02-114103.4,4153879926732862336,0,0,STAR,tmgaia2,tmgaia2,,,,,,,,,,13.8335,0.063156,8.4,1.0,jhk,,,,,,,,,,,,,,,,,,274.47517958935,-11.68425709543,18.72071208499594,1.9906860282976544,[80],['hlsp_tess-spoc_tess_phot_0000000015121710-s0080_tess_v1_lc.fits'],Gaia_TIC15121710_S80.dat,80,-2.667902999999999
0.145556,OGLE-GD-LPV-006772,4,222.320625,-66.6563888888889,258705180,222.320541691,-66.65641223523,0,,117-102022,14491691-6639226,0,J144916.92-663922.9,5848621691885171712,32940882,0,STAR,tmgaia2,tmgaia2,-2.002,0.14,-3.393,0.191,gaia2,0.308,0.1145,16.792,0.092,12.0693,0.01943,10.252,0.021,rered,gaia2,,,,,,,,,,,3063.21,1315.89,0.2533,0.0174,881.74,1750.04,222.32051994026,-66.65642684261,-45.75841587219345,-6.40802808744846,[65],['hlsp_tess-spoc_tess_phot_0000000258705180-s0065_tess_v1_lc.fits'],Gaia_TIC258705180_S65.dat,65,-3.745094
0.078408,OGLE-GD-LPV-024085,4,286.16816666666665,11.450777777777777,223626623,286.16816315064,11.45075627217,0,,,19044035+1127029,0,J190440.35+112702.7,4313463594184399360,42054233,0,STAR,tmgaia2,tmgaia2,,,,,,,,15.306,0.06,13.0732,0.031473,10.361,0.031,vjk,,,,,,,,,,,,,,,,,,286.16816315064,11.45075627217,44.623476998187606,2.302822943803412,[80],['hlsp_tess-spoc_tess_phot_0000000223626623-s0080_tess_v1_lc.fits'],Gaia_TIC223626623_S80.dat,80,-4.081990000000001
0.02385,OGLE-BLG-LPV-235363,4,258.8904166666666,-35.609722222222224,151820171,258.89041848416,-35.60972868036,0,,,17153370-3536348,0,J171533.70-353634.8,5975527976765274240,0,0,STAR,tmgaia2,tmgaia2,-4.73,0.646,-2.325,0.48,gaia2,-0.0567,0.3671,,,15.4324,0.095079,9.991,1.0,jhk,gaia2,,,,,,,,,,,4148.6,2424.26,1.2217,0.3923,1808.16,3040.37,258.89039343578,-35.60973869156,-9.063919949596428,1.629749823257374,[66],['hlsp_tess-spoc_tess_phot_0000000151820171-s0066_tess_v1_lc.fits'],Gaia_TIC151820171_S66.dat,66,-2.651692999999998
0.108097,OGLE-GD-LPV-021534,4,282.2078333333333,-2.591888888888889,182397052,282.2078341495,-2.59191890476,0,,,18484988-0235306,1237668687975023754,J184849.87-023531.1,4259037528046264576,0,0,STAR,tmgaia2,tmgaia2,,,,,,,,,,15.0743,0.045717,9.625,1.0,jhk,,,,,,,,,,,,,,,,,,282.2078341495,-2.59191890476,30.32809283094486,-0.6021173254874584,[80],['hlsp_tess-spoc_tess_phot_0000000182397052-s0080_tess_v1_lc.fits'],Gaia_TIC182397052_S80.dat,80,-4.358669999999998
0.097909,OGLE-GD-LPV-010701,4,241.3012916666666,-46.33652777777778,161593508,241.30126408053,-46.3365471923,0,,219-111801,16051229-4620116,0,J160512.32-462011.6,5984971201140828928,0,0,STAR,tmgaia2,tmgaia2,,,,,,,,14.741,0.092,13.3094,0.008655,10.182,0.084,vjk,,,,,,,,,,,,,,,,,,241.30126408053,-46.3365471923,-25.85653078902894,4.459997887154166,[65],['hlsp_tess-spoc_tess_phot_0000000161593508-s0065_tess_v1_lc.fits'],Gaia_TIC161593508_S65.dat,65,-3.0658389999999986
0.087591,OGLE-GD-LPV-022845,4,283.9929583333333,-2.186138888888889,57318739,283.9929675181,-2.18616142219,0,,,18555831-0211103,0,J185558.30-021110.3,4264915139303404288,1741459,0,STAR,tmgaia2,tmgaia2,-0.279,0.311,-0.995,0.251,gaia2,0.2089,0.2327,15.77,0.06,12.4805,0.033771,10.263,0.053,rered,gaia2,,,,,,,,,,,3376.51,1891.53,1.1652,0.1913,1316.9,2466.16,283.99296631643,-2.18616570501,31.50217504124309,-2.0049953708386563,[80],['hlsp_tess-spoc_tess_phot_0000000057318739-s0080_tess_v1_lc.fits'],Gaia_TIC57318739_S80.dat,80,-2.9132169999999995
0.042444,OGLE-GD-LPV-005398,4,212.82504166666664,-54.913222222222224,210850936,212.8250513342,-54.91321182393,0,,176-115203,14111800-5454474,0,,5896481543236659328,27057960,0,STAR,tmgaia2,tmgaia2,,,,,,,,14.992,0.08,12.1738,0.002499,9.825,0.43,vjk,,,,,,,,,,,,,,,,,,212.8250513342,-54.91321182393,-45.68179253258533,6.183282384003651,[65],['hlsp_tess-spoc_tess_phot_0000000210850936-s0065_tess_v1_lc.fits'],Gaia_TIC210850936_S65.dat,65,-2.911810000000001
0.051848,OGLE-GD-LPV-017690,4,275.2859583333333,-10.102027777777778,17218985,275.28594926072,-10.10201647997,0,,,18210863-1006071,0,J182108.62-100607.3,4154528363728058240,0,0,STAR,tmgaia2,tmgaia2,,,,,,,,,,14.5192,0.07821,10.057,1.0,jhk,,,,,,,,,,,,,,,,,,275.28594926072,-10.10201647997,20.49250396931938,2.0344344839694344,[80],['hlsp_tess-spoc_tess_phot_0000000017218985-s0080_tess_v1_lc.fits'],Gaia_TIC17218985_S80.dat,80,-2.513174000000001
0.008439,OGLE-BLG-LPV-234009,4,257.3232083333333,-39.25263888888889,380306393,257.32320800698,-39.2526412193,0,,,17091756-3915095,0,J170917.59-391509.4,5973009747237147776,0,0,STAR,tmgaia2,tmgaia2,,,,,,,,,,13.4427,0.014993,8.425,1.0,jhk,,,,,,,,,,,,,,,,,,257.32320800698,-39.2526412193,-12.741785397975612,0.4911012006564068,[66],['hlsp_tess-spoc_tess_phot_0000000380306393-s0066_tess_v1_lc.fits'],Gaia_TIC380306393_S66.dat,66,-3.170209999999999
0.120047,OGLE-GD-LPV-018937,4,279.0124166666667,4.338222222222222,106650004,279.01241898883,4.33818895635,0,,,18360297+0420175,0,J183602.96+042017.5,4283773584752267520,0,0,STAR,tmgaia2,tmgaia2,,,,,,,,,,13.6568,0.023244,9.082,1.0,jhk,,,,,,,,,,,,,,,,,,279.01241898883,4.33818895635,35.051217151880785,5.395705586296003,[80],['hlsp_tess-spoc_tess_phot_0000000106650004-s0080_tess_v1_lc.fits'],Gaia_TIC106650004_S80.dat,80,-2.7067560000000004
0.075734,OGLE-GD-LPV-015960,4,253.91554166666663,-47.09427777777778,247429268,253.91552038253,-47.09426252642,0,,,16553973-4705392,0,J165539.77-470539.4,5939832125602954240,0,0,STAR,tmgaia2,tmgaia2,-0.958,0.399,-9.058,0.32,gaia2,-0.0603,0.2378,,,13.5576,0.030947,8.362,1.0,jhk,gaia2,,,,,,,,,,,4478.74,2219.0,2.098,0.4199,1684.6,2753.4,253.9155143229,-47.0943015264,-20.465975126849973,-2.336592467058383,[66],['hlsp_tess-spoc_tess_phot_0000000247429268-s0066_tess_v1_lc.fits'],Gaia_TIC247429268_S66.dat,66,-3.7868119999999994
0.162272,OGLE-BLG-LPV-232472,4,251.89225,-34.27152777777778,97550024,251.89223222777,-34.27157039363,0,,279-097981,16473414-3416174,0,J164734.15-341617.5,6026187803239282304,0,0,STAR,tmgaia2,tmgaia2,,,,,,,,13.897,0.153,12.1396,0.01034,9.171,0.139,vjk,,,,,,,,,,,,,,,,,,251.89223222777,-34.27157039363,-11.515710861550517,6.987984855471325,[66],['hlsp_tess-spoc_tess_phot_0000000097550024-s0066_tess_v1_lc.fits'],Gaia_TIC97550024_S66.dat,66,-2.810281
0.123148,OGLE-GD-LPV-008899,4,233.4763333333333,-61.51272222222222,272116033,233.47630872683,-61.51275435376,0,,143-167285,15335432-6130459,0,J153354.35-613046.0,5827497599631533312,0,0,STAR,tmgaia2,tmgaia2,-5.327,0.375,-4.775,0.375,gaia2,0.4133,0.1789,17.601,0.699,11.8806,0.02355,9.987,0.028,rered,gaia2,,,,,,,,,,,2519.47,1531.49,0.4197,0.0811,894.25,2168.73,233.47626064116,-61.51277491133,-38.9205614673746,-4.505306408203898,[65],['hlsp_tess-spoc_tess_phot_0000000272116033-s0065_tess_v1_lc.fits'],Gaia_TIC272116033_S65.dat,65,-3.3026549999999997
0.088047,OGLE-GD-LPV-018464,4,277.862,-4.730583333333334,43006300,277.86197939921,-4.73059662467,0,,,18312688-0443500,0,J183126.88-044349.4,4257228758404003072,0,0,STAR,tmgaia2,tmgaia2,,,,,,,,,,13.8917,0.038566,9.457,1.0,jhk,,,,,,,,,,,,,,,,,,277.86197939921,-4.73059662467,26.43943390403044,2.2729030733007525,[80],['hlsp_tess-spoc_tess_phot_0000000043006300-s0080_tess_v1_lc.fits'],Gaia_TIC43006300_S80.dat,80,-3.1210509999999996
0.136858,OGLE-GD-LPV-025468,4,288.61879166666665,11.789666666666667,209136333,288.61882844583,11.78967887236,0,,,19142851+1147230,0,J191428.53+114722.5,4312971975015213184,0,0,STAR,tmgaia2,tmgaia2,,,,,,,,,,13.643,0.000782,8.918,1.0,jhk,,,,,,,,,,,,,,,,,,288.61882844583,11.78967887236,46.031156915473765,0.3288984570919244,"[80, 81]","['hlsp_tess-spoc_tess_phot_0000000209136333-s0080_tess_v1_lc.fits', 'hlsp_tess-spoc_tess_phot_0000000209136333-s0081_tess_v1_lc.fits']",Gaia_TIC209136333_S80.dat,80,-3.6164859999999983
0.210649,OGLE-GD-LPV-019776,4,280.16879166666666,0.6412777777777777,108810330,280.16876457118,0.64122591482,0,,,18404051+0038286,1237656234178121399,J184040.50+003828.6,4272711363887135232,0,0,STAR,tmgaia2,tmgaia2,,,,,,,,,,14.6273,0.040642,9.76,1.0,jhk,,,,,,,,,,,,,,,,,,280.16876457118,0.64122591482,32.27552522422984,2.687039660210541,[80],['hlsp_tess-spoc_tess_phot_0000000108810330-s0080_tess_v1_lc.fits'],Gaia_TIC108810330_S80.dat,80,-4.570640000000001
0.056085,OGLE-GD-LPV-017535,4,274.44908333333336,-9.329777777777778,14652759,274.44909872233,-9.32978125863,0,,,18174777-0919471,0,J181747.84-091947.7,4157818961507916160,0,0,STAR,tmgaia2,tmgaia2,,,,,,,,,,13.9616,0.023378,9.692,1.0,jhk,,,,,,,,,,,,,,,,,,274.44909872233,-9.32978125863,20.78577759383484,3.125735935503618,[80],['hlsp_tess-spoc_tess_phot_0000000014652759-s0080_tess_v1_lc.fits'],Gaia_TIC14652759_S80.dat,80,-3.183885000000002
0.032406,OGLE-GD-DSCT-5525,4,240.4220833333333,-49.430388888888885,275032047,240.42207926362,-49.43039749272,0,,203-118693,16014129-4925494,0,J160141.29-492549.4,5983414700651869568,23850713,0,STAR,tmgaia2,tmgaia2,-2.099,0.092,0.719,0.063,gaia2,1.1354,0.0453,12.252,0.057,11.9551,0.001284,11.438,0.015,rered,gaia2,7681.0,180.6,3.6271,0.076,,,3.413,0.169,1.8,0.288,860.6,33.893,0.5506,0.0213,32.584,35.202,240.42206536924,-49.43039439633,-28.353040974603505,2.53374139613294,[39],['hlsp_tess-spoc_tess_phot_0000000275032047-s0039_tess_v1_lc.fits'],Gaia_TIC275032047_S39.dat,39,-3.7672349999999994
0.070018,OGLE-GD-DSCT-1665,4,127.04295833333332,-31.697222222222223,56409473,127.04298119064,-31.69722197439,0,,292-043535,08281031-3141499,0,J082810.30-314149.9,5643174881882471552,15684862,0,STAR,tmgaia2,tmgaia2,-10.004,0.049,7.117,0.041,gaia2,0.6399,0.0313,12.131,0.057,12.0445,0.002239,11.806,0.008,rered,gaia2,7945.0,148.8,3.661,0.0844,,,3.381,0.194,1.91,0.305,1496.92,70.645,0.1788,0.0112,67.38,73.91,127.04293056459,-31.69719133129,-108.1557865848892,4.049651260519763,"[8, 35]","['hlsp_tess-spoc_tess_phot_0000000056409473-s0008_tess_v1_lc.fits', 'hlsp_tess-spoc_tess_phot_0000000056409473-s0035_tess_v1_lc.fits']",Gaia_TIC56409473_S8.dat,8,-4.867370000000001
0.176626,OGLE-GD-DSCT-2220,4,143.61241666666666,-45.24877777777778,78850814,143.61238233139,-45.24873508328,0,8168-00515-1,224-037675,09342697-4514554,0,J093426.97-451455.4,5423077397318676352,22706372,0,STAR,tmgaia2,tmgaia2,-1.028,0.045,-3.606,0.046,gaia2,0.8978,0.0285,11.593,0.015,11.9818,0.004245,11.611,0.009,rered,gaia2,7607.0,163.0,3.675,0.0828,,,3.203,0.148,1.77,0.278,1079.91,33.465,0.3148,0.0121,32.45,34.48,143.61237604659,-45.24875061067,-89.43038489269583,4.887708644381025,"[9, 35, 36]","['hlsp_tess-spoc_tess_phot_0000000078850814-s0009_tess_v1_lc.fits', 'hlsp_tess-spoc_tess_phot_0000000078850814-s0035_tess_v1_lc.fits', 'hlsp_tess-spoc_tess_phot_0000000078850814-s0036_tess_v1_lc.fits']",Gaia_TIC78850814_S9.dat,9,-2.710839
0.105545,OGLE-GD-DSCT-0729,4,106.37037499999998,-17.087999999999997,148357344,106.37034786603,-17.0879863304,0,5968-01693-1,365-022444,07052888-1705167,1237676582123339960,J070528.88-170516.8,2935414712929612928,7859530,0,STAR,tmgaia2,tmgaia2,2.339,0.049,-2.346,0.057,gaia2,0.7426,0.0381,12.096,0.032,12.2771,0.008575,11.967,0.017,rered,gaia2,7183.0,223.4,3.691,0.1061,,,2.999,0.228,1.61,0.28,1299.89,66.115,0.1382,0.0185,62.82,69.41,106.37035839994,-17.08799642942,-130.2594153757485,-4.697263764765823,[7],['hlsp_tess-spoc_tess_phot_0000000148357344-s0007_tess_v1_lc.fits'],Gaia_TIC148357344_S7.dat,7,-3.619707
0.085046,OGLE-GD-DSCT-5359,4,236.9205833333333,-50.8745,272511271,236.9206144096,-50.87448682639,0,8321-00418-1,196-122445,15474094-5052281,0,J154740.93-505228.1,5982349037695571456,24873330,0,STAR,tmgaia2,tmgaia2,-10.246,0.073,-3.43,0.056,gaia2,1.0452,0.0335,11.536,0.018,11.4856,0.001882,11.154,0.015,rered,gaia2,10618.0,468.4,3.8594,0.0722,,,3.229,0.103,2.75,0.405,932.082,29.3605,0.6167,0.0198,28.453,30.268,236.92054450024,-50.87450159645,-31.00414246981418,2.8561905044907885,[39],['hlsp_tess-spoc_tess_phot_0000000272511271-s0039_tess_v1_lc.fits'],Gaia_TIC272511271_S39.dat,39,-5.883675999999998
0.165893,OGLE-GD-DSCT-0122,4,89.83579166666667,20.03538888888889,269750762,89.8357638161,20.03542682135,0,1320-00167-1,551-021271,05592058+2002075,0,J055920.58+200207.3,3422815779290253696,45908140,0,STAR,tmgaia2,tmgaia2,1.328,0.089,-10.129,0.072,gaia2,1.045,0.0653,11.432,0.017,11.0543,0.009278,10.658,0.028,rered,spect,7265.2,133.9,3.4413,0.1138,0.098,0.019,4.035,0.394,1.64,0.272,935.238,58.705,0.2059,0.0388,55.1,62.31,89.83576990024,20.03538321081,-170.74991920132683,-1.845482078713461,"[43, 44, 45, 71, 72]","['hlsp_tess-spoc_tess_phot_0000000269750762-s0043_tess_v1_lc.fits', 'hlsp_tess-spoc_tess_phot_0000000269750762-s0044_tess_v1_lc.fits', 'hlsp_tess-spoc_tess_phot_0000000269750762-s0045_tess_v1_lc.fits', 'hlsp_tess-spoc_tess_phot_0000000269750762-s0071_tess_v1_lc.fits', 'hlsp_tess-spoc_tess_phot_0000000269750762-s0072_tess_v1_lc.fits']",Gaia_TIC269750762_S43.dat,43,-5.578280000000001
0.152243,OGLE-GD-DSCT-3856,4,193.1414583333333,-57.121027777777776,412544513,193.14148136254,-57.12098737822,0,8655-01518-1,165-095394,12523395-5707154,0,J125233.93-570715.7,6060541769169236736,28479943,0,STAR,tmgaia2,tmgaia2,-7.42,0.039,-14.782,0.038,gaia2,1.1697,0.0344,12.41,0.024,12.2101,0.001545,11.863,0.007,rered,gaia2,7542.0,145.5,4.0212,0.0831,,,2.132,0.093,1.74,0.273,835.164,24.197,0.2667,0.0115,23.509,24.885,193.14142251178,-57.12105102339,-56.91422330609582,5.750382867245827,[11],['hlsp_tess-spoc_tess_phot_0000000412544513-s0011_tess_v1_lc.fits'],Gaia_TIC412544513_S11.dat,11,-4.520524
0.686291,OGLE-GD-RRLYR-05617,4,243.0257083333333,-59.71366666666667,207318741,243.02592525694,-59.71351054484,0,8722-00769-1,152-173183,16120622-5942485,0,J161206.18-594249.0,5834468537710464640,29124545,0,STAR,tmgaia2,tmgaia2,-24.402,0.049,-37.041,0.043,gaia2,0.6373,0.0306,11.647,0.02,11.752,0.007373,11.399,0.01,rered,gaia2,6979.0,191.5,3.2621,0.1064,,,4.79,0.357,1.53,0.274,1504.66,69.905,0.1582,0.0112,66.72,73.09,243.02571692852,-59.7136700258,-34.14618341693185,-6.098558766979186,[39],['hlsp_tess-spoc_tess_phot_0000000207318741-s0039_tess_v1_lc.fits'],Gaia_TIC207318741_S39.dat,39,-2.7021200000000007
0.07425,OGLE-LMC-LPV-03516,3,72.18470833333332,-67.64450000000001,294981146,72.18473573581,-67.64448220217,0,,112-004554,04484433-6738402,0,J044844.32-673840.1,4662361036185689344,0,0,STAR,tmgaia2,tmgaia2,2.156,0.135,-0.004,0.182,gaia2,0.0178,0.0774,16.782,0.297,14.369,0.012336,12.977,0.014,rered,gaia2,,,,,,,,,,,4339.66,910.49,0.1086,0.0,788.23,1032.75,72.18476014154,-67.64448222124,-81.07192466255485,-36.47044082436036,"[61, 62, 63, 64, 67, 68, 69, 66]","['hlsp_tess-spoc_tess_phot_0000000294981146-s0061_tess_v1_lc.fits', 'hlsp_tess-spoc_tess_phot_0000000294981146-s0062_tess_v1_lc.fits', 'hlsp_tess-spoc_tess_phot_0000000294981146-s0063_tess_v1_lc.fits', 'hlsp_tess-spoc_tess_phot_0000000294981146-s0064_tess_v1_lc.fits', 'hlsp_tess-spoc_tess_phot_0000000294981146-s0067_tess_v1_lc.fits', 'hlsp_tess-spoc_tess_phot_0000000294981146-s0068_tess_v1_lc.fits', 'hlsp_tess-spoc_tess_phot_0000000294981146-s0069_tess_v1_lc.fits', 'hlsp_tess-spoc_tess_phot_0000000294981146-s0066_tess_v1_lc.fits']",Gaia_TIC294981146_S61.dat,61,-3.489173000000001
0.054391,OGLE-GD-LPV-000284,4,119.15291666666666,-30.25933333333333,151611305,119.15290649743,-30.25932104053,0,,299-033088,07563669-3015335,0,J075636.71-301533.7,5597166406241828736,0,0,STAR,tmgaia2,tmgaia2,,,,,,,,13.77,0.069,12.9411,0.019721,9.439,0.047,vjk,,,,,,,,,,,,,,,,,,119.15290649743,-30.25932104053,-113.079119030907,-0.8081520518575666,[61],['hlsp_tess-spoc_tess_phot_0000000151611305-s0061_tess_v1_lc.fits'],Gaia_TIC151611305_S61.dat,61,-2.928000000000001
0.125673,OGLE-GD-LPV-011650,4,244.26741666666663,-47.46463888888889,292369393,244.26740290735,-47.4646725359,0,,,16170418-4727526,0,,5989840968160661120,0,0,STAR,tmgaia2,tmgaia2,,,,,,,,,,13.6781,0.035405,8.815,1.0,jhk,,,,,,,,,,,,,,,,,,244.26740290735,-47.4646725359,-25.142971494886044,2.252844957608568,[65],['hlsp_tess-spoc_tess_phot_0000000292369393-s0065_tess_v1_lc.fits'],Gaia_TIC292369393_S65.dat,65,-3.118424000000001
0.15534,OGLE-GD-LPV-006299,4,219.36741666666663,-60.88777777777778,397565775,219.36732830266,-60.88778147759,0,,,14372820-6053159,0,J143728.15-605315.9,5878471714553039360,0,0,STAR,tmgaia2,tmgaia2,,,,,,,,,,11.9456,0.032091,7.239,1.0,jhk,,,,,,,,,,,,,,,,,,219.36732830266,-60.88778147759,-44.52590128087843,-0.6245453998016135,[65],['hlsp_tess-spoc_tess_phot_0000000397565775-s0065_tess_v1_lc.fits'],Gaia_TIC397565775_S65.dat,65,-3.2931109999999997
0.122094,OGLE-GD-LPV-003503,4,195.8754583333333,-63.658277777777776,439367308,195.87541012004,-63.65825146149,0,,132-079583,13033011-6339296,0,J130330.10-633929.8,5862310577287617664,30861524,0,STAR,tmgaia2,tmgaia2,-10.088,0.171,-4.898,0.196,gaia2,0.8962,0.1298,15.674,0.08,11.9379,0.035357,9.943,0.04,rered,gaia2,,,,,,,,,,,1110.18,176.837,0.6733,0.1003,149.803,203.87,195.87531223005,-63.65827255082,-55.73017224393818,-0.8178734189012082,"[64, 65]","['hlsp_tess-spoc_tess_phot_0000000439367308-s0064_tess_v1_lc.fits', 'hlsp_tess-spoc_tess_phot_0000000439367308-s0065_tess_v1_lc.fits']",Gaia_TIC439367308_S64.dat,64,-2.94656
0.090899,OGLE-GD-LPV-000281,4,118.58995833333331,-32.11788888888889,151220588,118.58998450339,-32.11787679477,0,,290-029743,07542160-3207044,0,J075421.58-320704.3,5595208210389153536,15533058,0,STAR,tmgaia2,tmgaia2,,,,,,,,12.95,0.05,12.2173,0.030587,8.461,0.116,vjk,,,,,,,,,,,,,,,,,,118.58998450339,-32.11787679477,-111.7372812420544,-2.1817968707066524,[61],['hlsp_tess-spoc_tess_phot_0000000151220588-s0061_tess_v1_lc.fits'],Gaia_TIC151220588_S61.dat,61,-2.8165139999999997
0.053002,OGLE-GD-LPV-000045,4,92.424,15.38188888888889,336990756,92.42400497834,15.38187497043,0,,527-021981,06094176+1522547,0,J060941.77+152255.0,3345904631690558208,0,0,STAR,tmgaia2,tmgaia2,,,,,,,,,,12.555,0.029329,8.359,1.0,jhk,,,,,,,,,,,,,,,,,,92.42400497834,15.38187497043,-165.48270748850095,-1.9757894831048983,"[71, 72]","['hlsp_tess-spoc_tess_phot_0000000336990756-s0071_tess_v1_lc.fits', 'hlsp_tess-spoc_tess_phot_0000000336990756-s0072_tess_v1_lc.fits']",Gaia_TIC336990756_S71.dat,71,-2.5047010000000007
0.048442,OGLE-BLG-LPV-264493,4,277.63854166666664,-11.838444444444445,215359442,277.63853185582,-11.83845387123,0,,,18303325-1150183,0,,4153134457872404352,0,0,STAR,tmgaia2,tmgaia2,,,,,,,,,,13.9115,0.038496,9.196,1.0,jhk,,,,,,,,,,,,,,,,,,277.63853185582,-11.83845387123,20.033890251091567,-0.818392201869176,[80],['hlsp_tess-spoc_tess_phot_0000000215359442-s0080_tess_v1_lc.fits'],Gaia_TIC215359442_S80.dat,80,-2.6224940000000014
0.080397,OGLE-BLG-LPV-234988,4,258.4890416666666,-40.34491666666667,188166816,258.48901540727,-40.34492657575,0,,,17135735-4020419,0,J171357.38-402041.6,5972094133258802816,0,0,STAR,tmgaia2,tmgaia2,3.482,0.329,1.045,0.277,gaia2,0.2239,0.2191,,,14.3419,0.029,9.761,1.0,jhk,gaia2,,,,,,,,,,,3319.24,1816.71,0.9745,0.4072,1259.21,2374.22,258.48903507589,-40.34492207649,-13.094122077158843,-0.8767952633782234,[66],['hlsp_tess-spoc_tess_phot_0000000188166816-s0066_tess_v1_lc.fits'],Gaia_TIC188166816_S66.dat,66,-3.170942
0.159321,OGLE-GD-LPV-025173,4,288.0560833333333,10.524805555555556,205477082,288.05611826199,10.52483347119,0,,,19121346+1031293,0,J191213.48+103129.4,4309369734399086720,0,0,STAR,tmgaia2,tmgaia2,,,,,,,,,,13.288,0.042042,8.679,1.0,jhk,,,,,,,,,,,,,,,,,,288.05611826199,10.52483347119,44.654505530013466,0.231322323552096,"[80, 81]","['hlsp_tess-spoc_tess_phot_0000000205477082-s0080_tess_v1_lc.fits', 'hlsp_tess-spoc_tess_phot_0000000205477082-s0081_tess_v1_lc.fits']",Gaia_TIC205477082_S80.dat,80,-4.883552999999999
0.071121,OGLE-GD-LPV-009871,4,237.72075,-49.13625,279102962,237.72071980461,-49.13624997878,0,,,15505297-4908104,0,J155052.99-490810.4,5982966825795250560,0,0,STAR,tmgaia2,tmgaia2,,,,,,,,,,13.6624,0.019411,9.644,1.0,jhk,,,,,,,,,,,,,,,,,,237.72071980461,-49.13624997878,-29.51441589635473,3.892700285925194,[65],['hlsp_tess-spoc_tess_phot_0000000279102962-s0065_tess_v1_lc.fits'],Gaia_TIC279102962_S65.dat,65,-2.5468410000000024
0.08472,OGLE-BLG-LPV-239145,4,262.1146666666666,-34.151583333333335,161542016,262.11465236878,-34.15160367584,0,,,17282752-3409057,0,J172827.52-340905.7,5975941083898887040,0,0,STAR,tmgaia2,tmgaia2,,,,,,,,,,15.8185,0.033444,9.858,1.0,jhk,,,,,,,,,,,,,,,,,,262.11465236878,-34.15160367584,-6.361590762977907,0.2805157037392471,[66],['hlsp_tess-spoc_tess_phot_0000000161542016-s0066_tess_v1_lc.fits'],Gaia_TIC161542016_S66.dat,66,-3.2415339999999997
0.128668,OGLE-BLG-LPV-234916,4,258.4167083333333,-31.69377777777778,47028374,258.41670340376,-31.69381327192,0,,292-123122,17134002-3141376,0,J171340.00-314137.7,5980534225020053376,16860734,0,STAR,tmgaia2,tmgaia2,,,,,,,,14.136,0.09,11.9709,0.020916,9.148,0.129,vjk,,,,,,,,,,,,,,,,,,258.41670340376,-31.69381327192,-6.106293482043341,4.231056248491145,[66],['hlsp_tess-spoc_tess_phot_0000000047028374-s0066_tess_v1_lc.fits'],Gaia_TIC47028374_S66.dat,66,-3.1595060000000004
0.132237,OGLE-GD-LPV-025457,4,288.60412499999995,5.004222222222222,182375626,288.60412140011,5.00418566532,0,,476-092135,19142498+0500149,0,J191424.98+050015.0,4293301742044243072,0,0,STAR,tmgaia2,tmgaia2,-2.623,0.263,-1.167,0.24,gaia2,0.352,0.1593,17.113,0.183,12.4132,0.015304,10.436,0.03,rered,gaia2,,,,,,,,,,,2631.16,1238.28,0.6619,0.1394,824.59,1651.96,288.60411006554,5.00418064142,40.01154768305841,-2.806828425057381,[80],['hlsp_tess-spoc_tess_phot_0000000182375626-s0080_tess_v1_lc.fits'],Gaia_TIC182375626_S80.dat,80,-2.9724459999999997
0.1541,OGLE-GD-LPV-010392,4,240.11058333333327,-50.52972222222222,299374140,240.11052418086,-50.52974267733,0,,,16002654-5031469,0,J160026.51-503147.0,5981846492150250240,0,0,STAR,tmgaia2,tmgaia2,,,,,,,,,,14.0164,0.036218,9.801,1.0,jhk,,,,,,,,,,,,,,,,,,240.11052418086,-50.52974267733,-29.2257217206533,1.835031075747038,[65],['hlsp_tess-spoc_tess_phot_0000000299374140-s0065_tess_v1_lc.fits'],Gaia_TIC299374140_S65.dat,65,-3.0409179999999996
0.385388,OGLE-LMC-LPV-48966,3,80.79241666666667,-67.83502777777777,373530983,80.79229944297,-67.83512526761,0,,,05231014-6750062,0,J052310.15-675006.4,4658834421384702208,0,0,STAR,tmgaia2,tmgaia2,,,,,,,,,,15.5764,0.071242,14.015,0.072,gbprp,,,,,,,,,,,,,,,,,,80.79229944297,-67.83512526761,-81.78461108530226,-33.25958951414163,"[61, 62, 63, 64, 65, 67, 69, 66]","['hlsp_tess-spoc_tess_phot_0000000373530983-s0061_tess_v1_lc.fits', 'hlsp_tess-spoc_tess_phot_0000000373530983-s0062_tess_v1_lc.fits', 'hlsp_tess-spoc_tess_phot_0000000373530983-s0063_tess_v1_lc.fits', 'hlsp_tess-spoc_tess_phot_0000000373530983-s0064_tess_v1_lc.fits', 'hlsp_tess-spoc_tess_phot_0000000373530983-s0065_tess_v1_lc.fits', 'hlsp_tess-spoc_tess_phot_0000000373530983-s0067_tess_v1_lc.fits', 'hlsp_tess-spoc_tess_phot_0000000373530983-s0069_tess_v1_lc.fits', 'hlsp_tess-spoc_tess_phot_0000000373530983-s0066_tess_v1_lc.fits']",Gaia_TIC373530983_S61.dat,61,-2.7003790000000016
0.136004,OGLE-GD-LPV-000508,4,131.80208333333331,-40.54716666666666,181738737,131.80203484027,-40.54715833448,0,,,08471249-4032497,0,J084712.50-403249.6,5525671590351316096,0,0,STAR,tmgaia2,tmgaia2,,,,,,,,,,14.7808,0.068704,10.131,1.0,jhk,,,,,,,,,,,,,,,,,,131.80203484027,-40.54715833448,-98.77215745315424,1.7678209542524457,"[61, 62]","['hlsp_tess-spoc_tess_phot_0000000181738737-s0061_tess_v1_lc.fits', 'hlsp_tess-spoc_tess_phot_0000000181738737-s0062_tess_v1_lc.fits']",Gaia_TIC181738737_S61.dat,61,-3.5993699999999986
0.154278,OGLE-GD-LPV-007314,4,225.27704166666663,-57.30513888888888,36140351,225.2769998194,-57.30517529751,0,,,15010649-5718184,0,J150106.51-571818.6,5880389194131434368,0,0,STAR,tmgaia2,tmgaia2,,,,,,,,,,13.522,0.03034,9.309,1.0,jhk,,,,,,,,,,,,,,,,,,225.2769998194,-57.30517529751,-40.23135629429785,1.2655408602251197,[65],['hlsp_tess-spoc_tess_phot_0000000036140351-s0065_tess_v1_lc.fits'],Gaia_TIC36140351_S65.dat,65,-2.8786869999999976
0.004529,OGLE-GD-DSCT-1841,4,131.2604583333333,-43.3295,430615564,131.26045718257,-43.3294990608,0,7687-00388-1,234-030561,08450251-4319461,0,J084502.50-431946.2,5524032768268841088,20205360,0,STAR,tmgaia2,tmgaia2,-3.461,0.045,-2.297,0.043,gaia2,1.1607,0.0272,11.551,0.016,11.5334,0.002501,11.243,0.007,rered,gaia2,7126.0,144.8,3.7993,0.0907,,,2.631,0.121,1.59,0.277,841.046,19.362,0.0959,0.0102,18.924,19.8,131.26043669729,-43.32950895226,-96.85061439247497,-0.2845629896596591,"[8, 9, 35]","['hlsp_tess-spoc_tess_phot_0000000430615564-s0008_tess_v1_lc.fits', 'hlsp_tess-spoc_tess_phot_0000000430615564-s0009_tess_v1_lc.fits', 'hlsp_tess-spoc_tess_phot_0000000430615564-s0035_tess_v1_lc.fits']",Gaia_TIC430615564_S8.dat,8,-3.714525
0.142486,OGLE-GD-DSCT-5519,4,240.24604166666663,-46.100388888888894,255456801,240.24598620313,-46.10039824293,0,,220-110767,16005904-4606013,0,J160059.04-460601.4,5985165088800128384,23849665,0,STAR,tmgaia2,tmgaia2,3.605,0.092,-5.206,0.059,gaia2,1.1118,0.0495,12.448,0.069,12.1545,0.002268,11.61,0.017,rered,gaia2,7949.0,191.8,3.6644,0.0804,,,3.368,0.171,1.91,0.3,878.914,38.588,0.6421,0.0217,36.927,40.249,240.24600858535,-46.10042065662,-26.24810284295948,5.120751514857065,[39],['hlsp_tess-spoc_tess_phot_0000000255456801-s0039_tess_v1_lc.fits'],Gaia_TIC255456801_S39.dat,39,-4.701039999999999
0.055869,OGLE-GD-DSCT-4252,4,205.68216666666663,-63.59886111111111,321528595,205.6821355636,-63.59885407021,0,,133-105116,13424371-6335558,0,J134243.73-633555.7,5864605459882035712,30955353,0,STAR,tmgaia2,tmgaia2,-2.979,0.036,-1.694,0.042,gaia2,0.6916,0.0279,12.45,0.069,12.3135,0.005543,12.011,0.03,rered,gaia2,,,,,,,,,,,1389.93,54.38,0.9167,0.0315,52.29,56.47,205.68210671469,-63.59886136197,-51.40323992878178,-1.2926580238437668,"[11, 38]","['hlsp_tess-spoc_tess_phot_0000000321528595-s0011_tess_v1_lc.fits', 'hlsp_tess-spoc_tess_phot_0000000321528595-s0038_tess_v1_lc.fits']",Gaia_TIC321528595_S11.dat,11,-2.876251
0.069251,OGLE-GD-DSCT-0384,4,98.43004166666664,-4.790972222222222,37315597,98.43004600485,-4.7909909667,0,4806-01634-1,427-017403,06334320-0447275,0,J063343.20-044727.5,3103543063151575808,1051691,0,STAR,tmgaia2,tmgaia2,-1.876,0.06,1.156,0.062,gaia2,1.2175,0.0374,11.283,0.013,11.4522,0.002544,11.109,0.016,rered,gaia2,6929.0,174.2,3.6961,0.0938,,,2.887,0.15,1.51,0.256,803.279,24.364,0.1337,0.0206,23.639,25.089,98.43003789844,-4.79098598969,-144.80635765375334,-6.118140897826756,[6],['hlsp_tess-spoc_tess_phot_0000000037315597-s0006_tess_v1_lc.fits'],Gaia_TIC37315597_S6.dat,6,-5.13734
0.066363,OGLE-GD-DSCT-2750,4,158.58504166666663,-51.926944444444445,448269095,158.58506497532,-51.92695598643,0,8209-03001-1,191-049289,10342041-5155370,0,J103420.40-515536.9,5357646147552841984,26419209,0,STAR,tmgaia2,tmgaia2,-12.059,0.057,6.875,0.054,gaia2,0.7804,0.0338,12.409,0.069,12.2885,0.006275,11.98,0.009,rered,gaia2,7405.0,183.5,3.762,0.0969,,,2.831,0.176,1.69,0.293,1237.5,52.235,0.1815,0.0102,50.07,54.4,158.58498078155,-51.92692638387,-77.48463720878988,5.425970140222323,[36],['hlsp_tess-spoc_tess_phot_0000000448269095-s0036_tess_v1_lc.fits'],Gaia_TIC448269095_S36.dat,36,-3.646343
0.140402,OGLE-GD-DSCT-0110,4,89.103625,16.811027777777777,92017453,89.10364388105,16.81106233753,0,1312-00289-1,535-021372,05562487+1648398,0,J055624.87+164839.7,3349766318388949632,43134777,0,STAR,tmgaia2,tmgaia2,4.229,0.076,-7.442,0.065,gaia2,0.9934,0.0469,11.718,0.025,11.5992,0.004633,11.271,0.021,rered,spect,7121.8,105.1,3.6175,0.1038,-0.053,0.016,3.233,0.233,1.58,0.278,980.469,45.539,0.1613,0.0246,43.467,47.611,89.10366290011,16.8110302949,-168.29714053972273,-4.054423783136564,"[6, 33, 43, 44, 45]","['hlsp_tess-spoc_tess_phot_0000000092017453-s0006_tess_v1_lc.fits', 'hlsp_tess-spoc_tess_phot_0000000092017453-s0033_tess_v1_lc.fits', 'hlsp_tess-spoc_tess_phot_0000000092017453-s0043_tess_v1_lc.fits', 'hlsp_tess-spoc_tess_phot_0000000092017453-s0044_tess_v1_lc.fits', 'hlsp_tess-spoc_tess_phot_0000000092017453-s0045_tess_v1_lc.fits']",Gaia_TIC92017453_S6.dat,6,-3.6317759999999986
0.095682,OGLE-GD-DSCT-1885,4,132.28775,-50.00986111111112,145372195,132.2877674683,-50.00988520222,0,,200-024481,08490907-5000355,0,J084909.05-500035.5,5327923732600115200,24634579,0,STAR,tmgaia2,tmgaia2,-9.084,0.052,3.638,0.056,gaia2,0.7315,0.0326,12.818,0.114,12.6141,0.0085,12.298,0.021,rered,gaia2,13668.0,122.0,,,,,,,,,1317.91,57.215,0.6997,0.0207,54.78,59.65,132.28770660743,-50.00986953781,-91.19625812051822,-3.918253633013508,"[8, 9, 35, 36]","['hlsp_tess-spoc_tess_phot_0000000145372195-s0008_tess_v1_lc.fits', 'hlsp_tess-spoc_tess_phot_0000000145372195-s0009_tess_v1_lc.fits', 'hlsp_tess-spoc_tess_phot_0000000145372195-s0035_tess_v1_lc.fits', 'hlsp_tess-spoc_tess_phot_0000000145372195-s0036_tess_v1_lc.fits']",Gaia_TIC145372195_S8.dat,8,-3.127699999999999
0.143572,OGLE-GD-RRLYR-00966,4,131.79154166666666,-37.16277777777778,181719523,131.79152967179,-37.16273905918,0,,265-039018,08470996-3709458,0,J084709.96-370945.9,5625333351521002240,18006778,0,STAR,tmgaia2,tmgaia2,-2.024,0.043,-3.043,0.045,gaia2,0.7294,0.0312,12.631,0.046,12.3978,0.008213,11.632,0.012,rered,gaia2,5128.0,155.0,,,,,7.59,,,,1320.17,54.81,0.339,0.0096,52.58,57.04,131.79151873651,-37.16275216107,-101.4200267868617,3.87987235889593,[35],['hlsp_tess-spoc_tess_phot_0000000181719523-s0035_tess_v1_lc.fits'],Gaia_TIC181719523_S35.dat,35,-4.607547999999998
0.276609,OGLE-GD-RRLYR-04195,4,227.61725,-63.90622222222222,454859654,227.61710539649,-63.90626533194,0,,131-130344,15102810-6354225,0,J151028.11-635422.5,5873369976303440128,31202396,0,STAR,tmgaia2,tmgaia2,8.584,0.049,2.442,0.059,gaia2,1.0156,0.0355,13.184,0.114,12.8094,0.009118,12.007,0.012,rered,gaia2,5148.0,160.0,,,,,4.871,,,,958.884,32.96,0.3992,0.0096,31.848,34.072,227.61718942825,-63.90625481767,-42.48806352619026,-5.042879787285953,"[38, 39]","['hlsp_tess-spoc_tess_phot_0000000454859654-s0038_tess_v1_lc.fits', 'hlsp_tess-spoc_tess_phot_0000000454859654-s0039_tess_v1_lc.fits']",Gaia_TIC454859654_S38.dat,38,-3.484690999999998
0.429535,OGLE-BLG-RRLYR-56578,4,271.4032083333333,-43.83272222222222,85771680,271.40330522261,-43.8326255208,0,7911-01078-1,231-155168,18053679-4349574,0,J180536.77-434957.6,6723991376017059200,21659134,0,STAR,tmgaia2,tmgaia2,-15.781,0.059,-21.68,0.049,gaia2,0.5721,0.0327,11.717,0.024,11.9858,0.01379,11.636,0.015,rered,gaia2,6678.0,302.6,3.2319,0.1454,,,4.761,0.507,1.41,0.267,1669.68,93.64,0.0873,0.0102,88.5,98.78,271.40321103011,-43.83271886486,-11.024562236835196,-10.85235218259117,[39],['hlsp_tess-spoc_tess_phot_0000000085771680-s0039_tess_v1_lc.fits'],Gaia_TIC85771680_S39.dat,39,-3.497145999999999
0.174135,OGLE-LMC-LPV-09701,3,74.73191666666665,-66.76155555555556,30468522,74.73194675351,-66.76150866411,0,,117-005270,04585565-6645414,0,J045855.66-664541.4,4662091793303287808,0,0,STAR,tmgaia2,tmgaia2,1.963,0.16,-0.146,0.211,gaia2,0.1185,0.1024,15.312,0.366,13.059,0.005396,11.946,0.008,rered,gaia2,3648.0,123.0,,,,,29.84,,,,3246.1,767.91,0.141,0.0,645.56,890.26,74.73196817602,-66.76150929059,-82.46316229833312,-35.770227967860365,"[61, 62, 63, 64, 65, 67, 68, 66]","['hlsp_tess-spoc_tess_phot_0000000030468522-s0061_tess_v1_lc.fits', 'hlsp_tess-spoc_tess_phot_0000000030468522-s0062_tess_v1_lc.fits', 'hlsp_tess-spoc_tess_phot_0000000030468522-s0063_tess_v1_lc.fits', 'hlsp_tess-spoc_tess_phot_0000000030468522-s0064_tess_v1_lc.fits', 'hlsp_tess-spoc_tess_phot_0000000030468522-s0065_tess_v1_lc.fits', 'hlsp_tess-spoc_tess_phot_0000000030468522-s0067_tess_v1_lc.fits', 'hlsp_tess-spoc_tess_phot_0000000030468522-s0068_tess_v1_lc.fits', 'hlsp_tess-spoc_tess_phot_0000000030468522-s0066_tess_v1_lc.fits']",Gaia_TIC30468522_S61.dat,61,-3.2459849999999992
0.064283,OGLE-GD-DSCT-2664,4,156.09445833333334,-58.70030555555556,464401254,156.09443593615,-58.70031910052,0,,157-044391,10242266-5842011,0,J102422.63-584201.4,5255565971891920128,27815648,0,STAR,tmgaia2,tmgaia2,-5.677,0.049,3.958,0.051,gaia2,0.6477,0.0294,12.326,0.057,12.2402,0.005962,11.96,0.012,rered,gaia2,8198.0,224.1,3.6968,0.0891,,,3.328,0.2,2.01,0.314,1480.49,65.095,0.2868,0.0156,62.29,67.9,156.09438888539,-58.70030206047,-75.1878768750909,-1.1015260472553614,"[10, 36, 37]","['hlsp_tess-spoc_tess_phot_0000000464401254-s0010_tess_v1_lc.fits', 'hlsp_tess-spoc_tess_phot_0000000464401254-s0036_tess_v1_lc.fits', 'hlsp_tess-spoc_tess_phot_0000000464401254-s0037_tess_v1_lc.fits']",Gaia_TIC464401254_S10.dat,10,-3.670845999999999
0.992218,OGLE-GD-DSCT-0725,4,106.32795833333331,-18.410777777777778,81047196,106.32796483131,-18.41050223053,0,,358-022351,07051871-1824378,0,J070518.71-182438.3,2934393953819890944,7858716,0,STAR,tmgaia2,tmgaia2,1.802,0.052,-49.872,0.05,gaia2,2.4684,0.0341,11.774,0.046,11.7587,0.001482,11.319,0.007,rered,gaia2,5857.0,142.1,4.0795,0.0756,,,1.554,0.082,1.058,0.126,400.547,5.507,0.0337,0.0116,5.433,5.581,106.32797301012,-18.41071695548,-129.09363215124466,-5.331866356545769,"[33, 7]","['hlsp_tess-spoc_tess_phot_0000000081047196-s0033_tess_v1_lc.fits', 'hlsp_tess-spoc_tess_phot_0000000081047196-s0007_tess_v1_lc.fits']",Gaia_TIC81047196_S7.dat,7,-5.296632999999998
0.138802,OGLE-GD-DSCT-0562,4,103.02045833333334,-8.200305555555556,123580083,103.02043610934,-8.20027388984,0,5379-00123-1,409-019961,06520490-0812010,0,J065204.90-081201.2,3051010837123235328,3260104,0,STAR,tmgaia2,tmgaia2,1.572,0.064,-3.336,0.066,gaia2,0.7672,0.0372,12.053,0.027,12.3594,0.001961,11.945,0.024,rered,gaia2,6873.0,200.2,3.5456,0.0962,,,3.411,0.211,1.49,0.265,1259.07,59.58,0.2289,0.0313,56.82,62.34,103.02044294642,-8.20028825227,-139.6873220096217,-3.5869910686241098,"[6, 33]","['hlsp_tess-spoc_tess_phot_0000000123580083-s0006_tess_v1_lc.fits', 'hlsp_tess-spoc_tess_phot_0000000123580083-s0033_tess_v1_lc.fits']",Gaia_TIC123580083_S6.dat,6,-3.453837
0.039096,OGLE-GD-DSCT-1590,4,125.010625,-47.74366666666667,82893147,125.01062017605,-47.74365630251,0,,212-021997,08200255-4744371,0,J082002.54-474437.1,5516041689564586624,22550147,0,STAR,tmgaia2,tmgaia2,-1.045,0.049,1.281,0.046,gaia2,0.9369,0.0262,11.816,0.069,11.7302,0.003917,11.447,0.009,rered,gaia2,9207.0,254.5,3.8608,0.0758,,,2.967,0.125,2.33,0.338,1036.39,28.42,0.4232,0.0123,27.66,29.18,125.01061348724,-47.74365078516,-95.8787380761996,-6.42135300119306,"[8, 35]","['hlsp_tess-spoc_tess_phot_0000000082893147-s0008_tess_v1_lc.fits', 'hlsp_tess-spoc_tess_phot_0000000082893147-s0035_tess_v1_lc.fits']",Gaia_TIC82893147_S8.dat,8,-2.945347
0.04966,OGLE-GD-LPV-025578,4,288.83691666666664,11.711,210217617,288.83692094786,11.71101314216,0,,,19152086+1142396,0,J191520.85+114239.7,4312921500556738944,0,0,STAR,tmgaia2,tmgaia2,,,,,,,,,,14.0351,0.001351,9.573,1.0,jhk,,,,,,,,,,,,,,,,,,288.83692094786,11.71101314216,46.06080577946524,0.1032555565954277,"[80, 81]","['hlsp_tess-spoc_tess_phot_0000000210217617-s0080_tess_v1_lc.fits', 'hlsp_tess-spoc_tess_phot_0000000210217617-s0081_tess_v1_lc.fits']",Gaia_TIC210217617_S80.dat,80,-2.8990820000000017
0.098232,OGLE-GD-LPV-025602,4,288.8923333333333,11.976944444444444,400782733,288.89233579512,11.97697162475,0,,510-100860,19153415+1158370,0,J191534.14+115836.8,4312981801900580480,0,0,STAR,tmgaia2,tmgaia2,-4.22,0.244,-5.518,0.208,gaia2,-0.4362,0.1917,16.864,0.217,11.5994,0.002779,9.45,0.11,rered,gaia2,,,,,,,,,,,6125.41,2344.29,1.2257,0.4297,1913.29,2775.29,288.89231722174,11.97694786493,46.32143700924807,0.1790174340625552,"[80, 81]","['hlsp_tess-spoc_tess_phot_0000000400782733-s0080_tess_v1_lc.fits', 'hlsp_tess-spoc_tess_phot_0000000400782733-s0081_tess_v1_lc.fits']",Gaia_TIC400782733_S80.dat,80,-3.3689730000000004
0.165805,OGLE-GD-LPV-006494,4,220.60625,-60.50591666666666,403481244,220.60618851266,-60.50595137738,0,,,14422549-6030213,0,,5878134366345882752,0,0,STAR,tmgaia2,tmgaia2,,,,,,,,,,12.6927,0.001784,8.306,1.0,jhk,,,,,,,,,,,,,,,,,,220.60618851266,-60.50595137738,-43.81676379187997,-0.5216161656546988,[65],['hlsp_tess-spoc_tess_phot_0000000403481244-s0065_tess_v1_lc.fits'],Gaia_TIC403481244_S65.dat,65,-2.7773439999999994
0.075928,OGLE-GD-LPV-006603,4,221.40558333333328,-60.67325,292095006,221.4055858535,-60.673228945,0,,,14453733-6040235,0,J144537.39-604023.3,5878073068572248320,0,0,STAR,tmgaia2,tmgaia2,-3.006,0.223,-5.196,0.289,gaia2,1.0763,0.1954,,,13.3667,0.03523,8.918,1.0,jhk,gaia2,,,,,,,,,,,945.253,210.126,0.5246,0.1097,166.216,254.037,221.40555943172,-60.67325131728,-43.53075215610245,-0.8382867523458403,[65],['hlsp_tess-spoc_tess_phot_0000000292095006-s0065_tess_v1_lc.fits'],Gaia_TIC292095006_S65.dat,65,-3.8407020000000003
0.035954,OGLE-GD-LPV-006784,4,222.39675,-60.88194444444444,293718765,222.39676754508,-60.88194962646,0,,146-163220,14493523-6052548,0,J144935.27-605255.1,5877885326967339392,31141116,0,STAR,tmgaia2,tmgaia2,,,,,,,,16.808,0.194,12.8959,0.008084,9.933,0.032,vjk,,,,,,,,,,,,,,,,,,222.39676754508,-60.88194962646,-43.18449548572011,-1.235577983315936,[65],['hlsp_tess-spoc_tess_phot_0000000293718765-s0065_tess_v1_lc.fits'],Gaia_TIC293718765_S65.dat,65,-2.885439
0.01806,OGLE-GD-LPV-014015,4,249.7165416666666,-42.406638888888885,231463126,249.71653528739,-42.40664061476,0,,,16385197-4224238,0,J163851.96-422423.8,5968459903708556928,0,0,STAR,tmgaia2,tmgaia2,-4.726,0.447,-6.737,0.337,gaia2,-0.6076,0.249,,,14.3974,0.009989,9.976,1.0,jhk,gaia2,,,,,,,,,,,5800.96,2403.91,1.8292,0.1756,1943.07,2864.75,249.71650772842,-42.40666962129,-18.81907223783256,2.967624214419544,[66],['hlsp_tess-spoc_tess_phot_0000000231463126-s0066_tess_v1_lc.fits'],Gaia_TIC231463126_S66.dat,66,-2.875691999999999
0.155301,OGLE-BLG-LPV-255662,4,269.50608333333327,-12.419472222222222,211872584,269.5060669473,-12.4194321609,0,,388-088896,17580145-1225099,0,J175801.45-122510.0,4151343112907706112,6629464,0,STAR,tmgaia2,tmgaia2,-2.147,0.215,-7.858,0.178,gaia2,0.2944,0.1148,15.807,0.103,12.2986,0.014292,10.381,0.027,rered,gaia2,3228.0,129.0,,,,,,,,,3128.27,1315.14,1.0933,0.0693,896.01,1734.27,269.50605748102,-12.41946599262,15.725292042969476,5.8930226596851565,[80],['hlsp_tess-spoc_tess_phot_0000000211872584-s0080_tess_v1_lc.fits'],Gaia_TIC211872584_S80.dat,80,-2.8457679999999996
0.089109,OGLE-GD-LPV-010553,4,240.824125,-49.50155555555556,275933843,240.82408797589,-49.501561434,0,,,16031777-4930053,0,J160317.74-493005.5,5983422642064066176,0,0,STAR,tmgaia2,tmgaia2,,,,,,,,,,13.5648,0.021248,8.797,1.0,jhk,,,,,,,,,,,,,,,,,,240.82408797589,-49.501561434,-28.203436255315108,2.307923743352012,[65],['hlsp_tess-spoc_tess_phot_0000000275933843-s0065_tess_v1_lc.fits'],Gaia_TIC275933843_S65.dat,65,-3.246571000000001
0.05045,OGLE-SMC-CEP-0417,3,10.431083333333332,-73.72330555555556,267547804,10.43103502539,-73.72330194001,0,9141-06735-1,082-001179,00414344-7343239,0,J004143.43-734323.9,4685821487608191104,33492261,0,STAR,tmgaia2,tmgaia2,0.63,0.064,-1.128,0.036,gaia2,-0.0637,0.0265,11.885,0.029,11.7094,0.012387,11.084,0.014,rered,gaia2,4945.0,189.0,,,,,68.094,,,,11022.9,1655.79,0.0702,,1506.28,1805.3,10.43104469833,-73.72330679788,-56.13175646718144,-43.38728309403735,"[27, 28, 67, 68]","['hlsp_tess-spoc_tess_phot_0000000267547804-s0027_tess_v1_lc.fits', 'hlsp_tess-spoc_tess_phot_0000000267547804-s0028_tess_v1_lc.fits', 'hlsp_tess-spoc_tess_phot_0000000267547804-s0067_tess_v1_lc.fits', 'hlsp_tess-spoc_tess_phot_0000000267547804-s0068_tess_v1_lc.fits']",Gaia_TIC267547804_S27.dat,27,-4.2290589999999995
0.113101,OGLE-SMC-CEP-0921,3,11.721208333333331,-72.71438888888889,180618091,11.72129614556,-72.71437138947,0,,087-001167,00465308-7242518,0,J004653.10-724251.8,4688974886982934016,33494101,0,STAR,tmgaia2,tmgaia2,0.692,0.047,-1.248,0.039,gaia2,0.0529,0.0278,12.376,0.069,12.2195,0.015767,11.641,0.017,rered,gaia2,5370.0,232.0,,,,,30.71,,,,7213.26,1099.11,0.122,,976.31,1221.91,11.7213061788,-72.71437676091,-56.594638324103215,-44.40967787304009,"[27, 28]","['hlsp_tess-spoc_tess_phot_0000000180618091-s0027_tess_v1_lc.fits', 'hlsp_tess-spoc_tess_phot_0000000180618091-s0028_tess_v1_lc.fits']",Gaia_TIC180618091_S27.dat,27,-4.164248000000001
0.040714,OGLE-SMC-CEP-2099,3,13.427708333333332,-72.28711111111112,181446812,13.42768977174,-72.28712090953,0,,089-002117,00534262-7217135,0,J005342.63-721713.6,4689057414725777152,33497245,0,STAR,tmgaia2,tmgaia2,0.8,0.043,-1.143,0.044,gaia2,-0.1108,0.029,12.254,0.034,12.0577,0.008211,11.49,0.01,rered,gaia2,5762.0,187.0,,,,,49.674,,,,11439.5,1717.81,0.2051,,1570.02,1865.6,13.42770109785,-72.28712583293,-57.31188478820533,-44.840065299706055,"[27, 28]","['hlsp_tess-spoc_tess_phot_0000000181446812-s0027_tess_v1_lc.fits', 'hlsp_tess-spoc_tess_phot_0000000181446812-s0028_tess_v1_lc.fits']",Gaia_TIC181446812_S27.dat,27,-2.912343
0.086126,OGLE-SMC-CEP-3611,3,16.064541666666663,-72.75561111111111,182735022,16.06454004308,-72.75563503008,0,9142-02789-1,087-003867,01041548-7245202,0,J010415.49-724520.2,4687423471738176512,33503148,0,STAR,tmgaia2,tmgaia2,0.865,0.042,-1.211,0.038,gaia2,0.0193,0.0239,12.508,0.034,12.0977,0.01781,11.335,0.019,rered,gaia2,4486.0,175.0,,,,,62.346,,,,8771.8,1269.31,0.112,,1141.53,1397.1,16.06455260092,-72.75564024502,-58.395970335801664,-44.33957169440367,"[27, 28]","['hlsp_tess-spoc_tess_phot_0000000182735022-s0027_tess_v1_lc.fits', 'hlsp_tess-spoc_tess_phot_0000000182735022-s0028_tess_v1_lc.fits']",Gaia_TIC182735022_S27.dat,27,-3.3630590000000016
0.106833,OGLE-GD-CEP-0062,4,101.066625,4.498388888888889,234073331,101.066654163,4.49839483991,0,,473-022462,06441599+0429541,0,J064415.99+042954.2,3127739019113627392,37450284,0,STAR,tmgaia2,tmgaia2,-0.179,0.052,-0.235,0.048,gaia2,0.1354,0.0364,13.813,0.137,13.5171,0.017267,12.413,0.032,rered,spect,7027.7,125.9,,,-0.126,0.117,16.289,,,,5438.8,1039.63,0.7691,,,,101.0666533915,4.49839382731,-151.8881738190768,0.4586479068264578,[6],['hlsp_tess-spoc_tess_phot_0000000234073331-s0006_tess_v1_lc.fits'],Gaia_TIC234073331_S6.dat,6,-3.8227860000000007
0.165463,OGLE-GD-CEP-0091,4,107.65829166666666,-7.122861111111111,177932603,107.65830175346,-7.12290597005,0,,415-027218,07103799-0707224,0,J071037.99-070722.5,3052092481686246016,3355181,0,STAR,tmgaia2,tmgaia2,-0.931,0.068,1.12,0.061,gaia2,0.1384,0.038,12.732,0.114,12.519,0.015147,11.719,0.027,rered,gaia2,5465.0,250.0,,,,,29.843,,,,5327.68,1037.35,0.4835,0.0338,868.62,1206.08,107.65829771476,-7.12290114976,-138.54368293568712,0.9934734760806306,[7],['hlsp_tess-spoc_tess_phot_0000000177932603-s0007_tess_v1_lc.fits'],Gaia_TIC177932603_S7.dat,7,-4.148802000000002
0.118806,OGLE-GD-CEP-0044,4,97.81058333333333,11.850361111111113,207042079,97.81061305732,11.85034552749,0,,510-026091,06311454+1151013,0,J063114.54+115101.2,3331144684519753984,41538167,0,STAR,tmgaia2,tmgaia2,0.287,0.087,-0.153,0.074,gaia2,0.1809,0.0493,13.257,0.103,12.7957,0.011544,11.703,0.039,rered,gaia2,4992.0,190.0,,,,,39.945,,,,4412.95,967.44,0.7941,0.0609,788.78,1146.1,97.81061432029,11.85034486863,-159.89876022633652,0.9731776429501,[6],['hlsp_tess-spoc_tess_phot_0000000207042079-s0006_tess_v1_lc.fits'],Gaia_TIC207042079_S6.dat,6,-3.614495
0.065161,OGLE-GD-CEP-0244,4,128.90466666666666,-47.75936111111111,141134087,128.90466093292,-47.75934342595,0,,212-026163,08353711-4745336,0,J083537.11-474533.6,5521425379537360896,22593891,0,STAR,tmgaia2,tmgaia2,-0.385,1.232,3.299,1.234,hsoy,,,13.327,0.103,12.7566,0.012932,11.97,0.017,gbprp,,,,,,,,,,,,,,,,,,128.90465846625,-47.7593292208,-94.3457483146184,-4.294334286272904,"[8, 9]","['hlsp_tess-spoc_tess_phot_0000000141134087-s0008_tess_v1_lc.fits', 'hlsp_tess-spoc_tess_phot_0000000141134087-s0009_tess_v1_lc.fits']",Gaia_TIC141134087_S8.dat,8,-5.7996089999999985
0.044202,OGLE-GD-CEP-0100,4,110.28104166666664,-21.51061111111111,10826277,110.28103035407,-21.51060478769,0,,343-026615,07210744-2130381,0,J072107.44-213038.1,5619786177922254336,10547974,0,STAR,tmgaia2,tmgaia2,-1.268,0.032,1.615,0.041,gaia2,0.1014,0.027,12.965,0.149,12.7192,0.007492,11.856,0.016,rered,gaia2,5059.0,139.0,,,,,41.969,,,,6985.97,1289.73,0.4655,0.0215,1086.7,1492.77,110.28102448378,-21.51059783211,-124.62129041268548,-3.453898942929735,[7],['hlsp_tess-spoc_tess_phot_0000000010826277-s0007_tess_v1_lc.fits'],Gaia_TIC10826277_S7.dat,7,-5.347021999999999
0.111533,OGLE-GD-CEP-1284,4,91.856125,11.152,436530385,91.85610500206,11.15197602329,29022,0721-00395-1,506-020227,06072546+1109071,0,J060725.46+110907.1,3330259852538068608,40519304,0,STAR,tmgaia2,tmgaia2,0.76,0.086,0.078,0.074,gaia2,0.2583,0.0462,11.52,0.03,11.2382,0.01729,10.547,0.024,rered,gaia2,5334.0,283.0,,,,,28.511,,,,3429.71,574.6,0.2828,0.024,486.4,662.8,91.85610833639,11.15197636107,-162.0384707748984,-4.500531864939485,"[6, 71, 72]","['hlsp_tess-spoc_tess_phot_0000000436530385-s0006_tess_v1_lc.fits', 'hlsp_tess-spoc_tess_phot_0000000436530385-s0071_tess_v1_lc.fits', 'hlsp_tess-spoc_tess_phot_0000000436530385-s0072_tess_v1_lc.fits']",Gaia_TIC436530385_S6.dat,6,-3.307986999999999
0.059837,OGLE-GD-CEP-1272,4,127.45212499999997,-41.22377777777778,184535525,127.45213267991,-41.22379336328,0,,244-027192,08294850-4113256,0,J082948.51-411325.6,5526978119406752000,20174291,0,STAR,tmgaia2,tmgaia2,-3.283,0.048,3.959,0.057,gaia2,0.2045,0.0326,12.415,0.035,11.8609,0.00662,10.88,0.17,rered,gaia2,,,,,,,,,,,4182.97,588.805,1.9429,0.1832,512.31,665.3,127.45211388528,-41.22377631875,-100.231267265741,-1.2557436214841555,[8],['hlsp_tess-spoc_tess_phot_0000000184535525-s0008_tess_v1_lc.fits'],Gaia_TIC184535525_S8.dat,8,-4.4910250000000005
0.085108,OGLE-GD-CEP-1296,4,98.19495833333332,0.0431388888888888,37169108,98.19498150224,0.04314359064,0,,451-019423,06324679+0002353,1237646381007372794,J063246.79+000235.3,3120059651944988544,36621697,0,STAR,tmgaia2,tmgaia2,0.082,0.076,0.54,0.072,gaia2,0.1183,0.0613,13.487,0.275,12.9415,0.01389,11.991,0.03,rered,gaia2,5330.0,219.0,,,,,33.376,,,,5366.68,1552.91,0.6762,0.0406,1224.23,1881.59,98.19498185404,0.04314591655,-149.23721540058366,-4.130688055517663,[6],['hlsp_tess-spoc_tess_phot_0000000037169108-s0006_tess_v1_lc.fits'],Gaia_TIC37169108_S6.dat,6,-3.873608000000001
0.051412,OGLE-GD-CEP-1304,4,102.70283333333332,-7.980722222222222,407704687,102.70284453198,-7.98073121988,0,,411-019925,06504868-0758505,0,J065048.68-075850.6,3099066951319051008,3253632,0,STAR,tmgaia2,tmgaia2,-0.359,0.053,0.757,0.053,gaia2,0.1418,0.0327,13.036,0.217,12.6408,0.013951,11.845,0.039,rered,gaia2,5224.0,211.0,,,,,29.672,,,,5516.92,1004.09,0.4113,0.0591,844.24,1163.94,102.70284297176,-7.98072796077,-140.0261073416834,-3.768101257233422,[6],['hlsp_tess-spoc_tess_phot_0000000407704687-s0006_tess_v1_lc.fits'],Gaia_TIC407704687_S6.dat,6,-3.5748960000000007
0.085161,OGLE-GD-CEP-0582,4,162.23999999999998,-64.17419444444445,464936311,162.23996665258,-64.17421311418,0,,130-040698,10485759-6410270,0,J104857.59-641027.1,5241157421762533248,30388911,0,STAR,tmgaia2,tmgaia2,-3.961,0.027,2.121,0.023,gaia2,0.0693,0.0143,14.333,0.137,13.6939,0.011583,12.907,0.013,rered,gaia2,5820.0,216.0,,,,,29.93,,,,9704.4,1359.92,0.5509,0.0012,1187.34,1532.5,162.23992750426,-64.17420398344,-69.92643161613714,-4.404022995375649,[10],['hlsp_tess-spoc_tess_phot_0000000464936311-s0010_tess_v1_lc.fits'],Gaia_TIC464936311_S10.dat,10,-3.005950000000002
0.076421,OGLE-GD-CEP-0532,4,157.83375,-59.98002777777778,460416931,157.8337880235,-59.98001835703,0,,151-051090,10312010-5958480,0,J103120.10-595848.0,5254423063911249024,27899016,0,STAR,tmgaia2,tmgaia2,-5.651,0.052,2.974,0.05,gaia2,0.1683,0.0291,13.705,0.092,12.9351,0.007689,11.697,0.053,rered,gaia2,5333.0,153.0,,,,,53.361,,,,4964.18,741.75,1.1115,0.0843,639.72,843.78,157.8337393957,-59.9800055515,-73.76303710946723,-1.730077138098419,[10],['hlsp_tess-spoc_tess_phot_0000000460416931-s0010_tess_v1_lc.fits'],Gaia_TIC460416931_S10.dat,10,-3.1078469999999996
0.126498,OGLE-GD-CEP-0611,4,164.8585833333333,-59.48636111111112,304040681,164.85857413002,-59.48639593742,0,,153-061399,10592606-5929108,0,J105926.05-592911.0,5338556834679254656,28066277,0,STAR,tmgaia2,tmgaia2,-5.018,0.041,1.796,0.038,gaia2,0.0541,0.0233,12.711,0.057,12.125,0.003928,11.118,0.038,rered,gaia2,4455.0,125.0,,,,,105.611,,,,9438.68,1798.85,0.4681,0.0693,1530.28,2067.42,164.85853157443,-59.48638820594,-70.85917605664437,0.3526093374946002,[10],['hlsp_tess-spoc_tess_phot_0000000304040681-s0010_tess_v1_lc.fits'],Gaia_TIC304040681_S10.dat,10,-2.691905
0.092524,OGLE-GD-LPV-000242,4,115.17833333333331,-22.17655555555556,231397979,115.17835539634,-22.17657114802,0,,340-032760,07404280-2210357,0,J074042.82-221035.5,5615985849115296256,10628467,0,STAR,tmgaia2,tmgaia2,,,,,,,,15.945,0.217,12.6662,0.020494,9.626,0.524,vjk,,,,,,,,,,,,,,,,,,115.17835539634,-22.17657114802,-121.85233091992394,0.2130110466570122,[61],['hlsp_tess-spoc_tess_phot_0000000231397979-s0061_tess_v1_lc.fits'],Gaia_TIC231397979_S61.dat,61,-3.518819999999998
0.04464,OGLE-GD-LPV-018321,4,277.49991666666665,-5.797694444444445,133809224,277.49992400388,-5.79770446805,0,,,18295999-0547517,0,J182959.97-054751.8,4256283904276284544,0,0,STAR,tmgaia2,tmgaia2,,,,,,,,,,13.607,0.026081,9.007,1.0,jhk,,,,,,,,,,,,,,,,,,277.49992400388,-5.79770446805,25.325603561334137,2.099953013557076,[80],['hlsp_tess-spoc_tess_phot_0000000133809224-s0080_tess_v1_lc.fits'],Gaia_TIC133809224_S80.dat,80,-3.22706
0.095538,OGLE-GD-LPV-017768,4,275.70716666666664,-6.958722222222223,18597960,275.70719208259,-6.95873045614,0,,416-078857,18224972-0657314,0,J182249.76-065731.3,4160770424361518080,0,0,STAR,tmgaia2,tmgaia2,-5.316,0.378,-2.115,0.327,gaia2,1.0267,0.2071,16.46,0.231,11.8866,0.019964,9.915,0.023,rered,gaia2,,,,,,,,,,,997.617,259.023,0.4564,0.0645,196.914,321.133,275.70716902341,-6.95873956114,23.467939964739525,3.138483801866311,[80],['hlsp_tess-spoc_tess_phot_0000000018597960-s0080_tess_v1_lc.fits'],Gaia_TIC18597960_S80.dat,80,-3.680904
0.065453,OGLE-GD-LPV-017592,4,274.77233333333334,-5.474222222222222,167691127,274.77234109262,-5.474205763,0,,,18190536-0528271,0,J181905.35-052826.9,4173192607975561344,0,0,STAR,tmgaia2,tmgaia2,,,,,,,,,,14.8637,0.068594,10.162,1.0,jhk,,,,,,,,,,,,,,,,,,274.77234109262,-5.474205763,24.34846860695595,4.65362425881604,[80],['hlsp_tess-spoc_tess_phot_0000000167691127-s0080_tess_v1_lc.fits'],Gaia_TIC167691127_S80.dat,80,-4.3388539999999995
0.065351,OGLE-GD-LPV-016918,4,256.89379166666663,-46.18694444444444,125962868,256.89376704059,-46.18695067877,0,,,17073450-4611129,0,J170734.52-461112.9,5963023952592966528,0,0,STAR,tmgaia2,tmgaia2,,,,,,,,,,13.9523,0.036888,9.803,1.0,jhk,,,,,,,,,,,,,,,,,,256.89376704059,-46.18695067877,-18.49444945987541,-3.3979321114971066,[66],['hlsp_tess-spoc_tess_phot_0000000125962868-s0066_tess_v1_lc.fits'],Gaia_TIC125962868_S66.dat,66,-3.04481
0.076645,OGLE-GD-LPV-022893,4,284.085875,-1.9397222222222223,57821571,284.085893095,-1.9397109876,0,,441-084236,18562061-0156229,0,J185620.60-015622.5,4264938847523270528,0,0,STAR,tmgaia2,tmgaia2,-4.2,0.269,-5.07,0.245,gaia2,0.1116,0.1624,16.054,0.08,12.3207,0.00683,10.167,0.02,rered,gaia2,,,,,,,,,,,4172.38,1925.67,1.0236,0.0888,1419.32,2432.02,284.08587500185,-1.93973281849,31.76400452885411,-1.975474431345019,[80],['hlsp_tess-spoc_tess_phot_0000000057821571-s0080_tess_v1_lc.fits'],Gaia_TIC57821571_S80.dat,80,-4.018263000000001
0.104969,OGLE-GD-LPV-022866,4,284.02529166666665,2.847555555555556,227287151,284.02528711935,2.84752675342,0,,,18560606+0250512,0,,4280703198512615808,0,0,STAR,tmgaia2,tmgaia2,,,,,,,,,,14.3108,0.052641,8.483,1.0,jhk,,,,,,,,,,,,,,,,,,284.02528711935,2.84752675342,35.997566248306995,0.2616979778380266,[80],['hlsp_tess-spoc_tess_phot_0000000227287151-s0080_tess_v1_lc.fits'],Gaia_TIC227287151_S80.dat,80,-3.1470100000000016
0.137619,OGLE-GD-LPV-025295,4,288.2687499999999,11.427777777777775,206801793,288.26872113266,11.42775207299,0,,,19130449+1125401,0,J191304.50+112540.0,4312865219317881088,0,0,STAR,tmgaia2,tmgaia2,,,,,,,,,,15.3753,0.060653,10.245,1.0,jhk,,,,,,,,,,,,,,,,,,288.26872113266,11.42775207299,45.55145986869467,0.4646654523875158,"[80, 81]","['hlsp_tess-spoc_tess_phot_0000000206801793-s0080_tess_v1_lc.fits', 'hlsp_tess-spoc_tess_phot_0000000206801793-s0081_tess_v1_lc.fits']",Gaia_TIC206801793_S80.dat,80,-2.608998999999999
0.139123,OGLE-SMC-LPV-17874,3,17.61220833333333,-72.59686111111111,402100419,17.6121669995,-72.5968244967,0,,088-004636,01102693-7235486,0,J011026.95-723548.6,4687441308747959936,33506240,0,STAR,tmgaia2,tmgaia2,1.164,0.093,-1.268,0.082,gaia2,-0.1312,0.0539,13.246,0.08,14.21,0.068311,12.785,0.069,rered,gaia2,,,,,,,,,,,7448.31,1404.07,0.0912,,1252.18,1555.97,17.61218375856,-72.59682995679,-59.0577538773106,-44.45787338091046,[68],['hlsp_tess-spoc_tess_phot_0000000402100419-s0068_tess_v1_lc.fits'],Gaia_TIC402100419_S68.dat,68,-3.958239999999998
0.089028,OGLE-BLG-LPV-245914,4,264.9247916666666,-31.65611111111111,107330123,264.92476270821,-31.65611309929,0,,,17394195-3139220,0,J173941.94-313921.7,4055094270174974464,0,0,STAR,tmgaia2,tmgaia2,,,,,,,,,,14.2659,0.040247,8.633,1.0,jhk,,,,,,,,,,,,,,,,,,264.92476270821,-31.65611309929,-2.985226821648182,-0.3454305546908579,[66],['hlsp_tess-spoc_tess_phot_0000000107330123-s0066_tess_v1_lc.fits'],Gaia_TIC107330123_S66.dat,66,-3.1553959999999996
