TIC,sector,source,per,power,prominence,width,amplitude,cnn_ELL,cnn_M,cnn_CEP,cnn_DST,cnn_E,cnn_LPV,cnn_RR,cnn_Rndm,brf_class,brf_prob,cube_idx,sector_class,final_class_tic,decision_step
14652759,80,LS,7.345610698132405,0.0218993074397983,0.0216417262510076,3.941040192631984,0.0334219518117606,0.0026234007,4.5333314e-07,3.9734314e-08,1.0636826e-06,0.0009012215,0.3575628,1.9163112e-06,0.6389091,Rndm,0.552,4988,Rndm,Rndm,1
14652759,80,ACF,0.5347147628526727,0.0615683463159124,0.0532342277862054,1.2185064412833242,0.0334219518117606,1.1814871e-05,1.6742767e-10,7.14924e-12,1.4998369e-13,5.0316885e-06,0.00017235505,5.9920624e-11,0.9998109,Rndm,0.956,4989,Rndm,Rndm,1
14652759,80,ACF,0.1736086892378807,0.0818616400326564,0.0459004123937729,2.215096626813008,0.0334219518117606,1.2051071e-06,3.239884e-11,1.2005886e-12,9.604598e-15,1.1380687e-06,8.878636e-05,4.5004317e-12,0.9999088,Rndm,0.974,4990,Rndm,Rndm,1
14652759,80,ACF,0.2175895571781438,0.071708661637133,0.0417413294808149,3.307088395873293,0.0334219518117606,5.1775045e-05,1.1200385e-09,3.37148e-11,1.1519112e-12,1.24833805e-05,0.00026514826,5.106184e-10,0.9996706,Rndm,0.958,4991,Rndm,Rndm,1
14652759,80,ACF,0.3634208561379637,0.066360739122142,0.0391649041543232,4.127721404586907,0.0334219518117606,8.02856e-06,4.7023235e-10,1.1997397e-11,4.6587864e-13,7.576218e-06,0.0007161865,7.650957e-11,0.99926823,Rndm,0.952,4992,Rndm,Rndm,1
14652759,80,ACF,0.4467530269721464,0.0530645126009698,0.0343665923708748,1.4847913955710226,0.0334219518117606,1.3613474e-06,4.699121e-11,1.1974374e-12,1.0204599e-14,2.249827e-06,0.0001064437,6.919923e-12,0.99988997,Rndm,0.958,4993,Rndm,Rndm,1
14652759,80,ACF,0.0833321708341827,0.0764006762730848,0.0341402599527417,2.2348701804264266,0.0334219518117606,9.380624e-06,6.420327e-10,1.1955245e-11,2.078726e-13,3.5092362e-06,0.0001512755,1.1578083e-10,0.99983585,Rndm,0.972,4994,Rndm,Rndm,1
14652759,80,ACF,0.4097165066013986,0.0642512011983288,0.0340654176597352,2.1670416247476965,0.0334219518117606,3.318678e-06,9.480464e-11,4.4895927e-12,1.4072825e-13,4.4214135e-06,0.00026504623,1.9105344e-11,0.9997272,Rndm,0.958,4995,Rndm,Rndm,1
14652759,80,ACF,0.4837895473428943,0.0511796856633567,0.03305440989997,3.6679667211222977,0.0334219518117606,1.4245475e-06,1.7704775e-11,1.7062984e-12,1.35828865e-14,3.1730538e-06,5.056789e-05,7.8524305e-12,0.9999448,Rndm,0.958,4996,Rndm,Rndm,1
14652759,80,ACF,0.152775646529335,0.0733365635043648,0.030861177402302,2.751938369338781,0.0334219518117606,1.3816734e-05,1.7030397e-10,1.5313036e-11,3.225201e-13,1.8576071e-05,0.0002723002,8.7351515e-11,0.9996953,Rndm,0.976,4997,Rndm,Rndm,1
14652759,80,ACF,0.1018504310195567,0.0679176226907612,0.0300862298004869,1.4562176680809813,0.0334219518117606,2.2627692e-06,8.665594e-11,2.296472e-12,2.5083138e-14,1.833873e-06,0.000112945556,2.9311227e-11,0.99988294,Rndm,0.974,4998,Rndm,Rndm,1
14652759,80,ACF,0.2106452096086286,0.0689658975461005,0.0287963285064103,0.9626850588036576,0.0334219518117606,1.1104537e-06,2.4518625e-11,1.1484041e-12,4.970776e-15,1.400293e-06,5.5566947e-05,6.417671e-12,0.99994195,Rndm,0.968,4999,Rndm,Rndm,1
14652759,80,ACF,0.0740730407414957,0.0764237235360804,0.0283232243510235,1.0965036555999568,0.0334219518117606,7.3915544e-06,9.760289e-11,9.0636726e-12,7.2408625e-14,6.1452884e-06,0.00012979345,3.1108414e-11,0.9998566,Rndm,0.974,5000,Rndm,Rndm,1
14652759,80,ACF,0.1157391261585871,0.0678430360288711,0.0276978159615926,1.8090631387271685,0.0334219518117606,1.04507365e-07,3.1295298e-12,2.6737556e-13,1.4131216e-15,3.0466813e-07,5.03801e-05,2.7558444e-12,0.9999492,Rndm,0.974,5001,Rndm,Rndm,1
14652759,80,ACF,0.0925913009268697,0.0686386613510025,0.0270786863687876,3.549381411853368,0.0334219518117606,2.533072e-06,6.2546336e-11,2.2535385e-12,2.722642e-14,2.6257442e-06,7.884726e-05,1.0959877e-11,0.9999161,Rndm,0.974,5002,Rndm,Rndm,1
14652759,80,ACF,0.1921269494232547,0.0697659434878994,0.0270528314097795,1.9109684117600096,0.0334219518117606,4.415201e-07,4.4952527e-12,2.764899e-13,1.2262018e-15,7.4587103e-07,2.2615039e-05,1.0773841e-12,0.99997616,Rndm,0.972,5003,Rndm,Rndm,1
14652759,80,ACF,0.2754591202574374,0.0633382194828258,0.0255495367505523,1.966693807744164,0.0334219518117606,6.18705e-06,5.93598e-11,4.31163e-12,3.7671933e-14,7.5424e-06,6.122132e-05,9.385281e-12,0.999925,Rndm,0.956,5004,Rndm,Rndm,1
14652759,80,ACF,0.3078660755818418,0.0539098496106785,0.0251205409097457,2.439875683292968,0.0334219518117606,2.4059566e-06,7.6104054e-11,2.3698734e-12,7.106587e-14,2.6181476e-06,0.00012470112,1.877767e-11,0.9998703,Rndm,0.958,5005,Rndm,Rndm,1
14652759,80,ACF,0.2569408600720635,0.0662994268234518,0.0250594199702553,4.747832818001498,0.0334219518117606,7.3948513e-06,1.05561226e-10,6.5458966e-12,6.092452e-14,9.482707e-06,5.8143272e-05,2.5434141e-11,0.9999249,Rndm,0.954,5006,Rndm,Rndm,1
14652759,80,ACF,0.2847182503501244,0.0629709650966279,0.0235312999677354,1.498345712324607,0.0334219518117606,1.8431404e-06,3.3148956e-11,1.2793518e-12,1.3411571e-14,2.4933836e-06,7.3204246e-05,9.945229e-12,0.9999225,Rndm,0.958,5007,Rndm,Rndm,1
14652759,80,ACF,0.0462956504634348,0.0755979765735419,0.0224746696557926,1.2104399037437863,0.0334219518117606,6.235537e-09,2.6777426e-12,1.3477054e-11,1.1389458e-14,1.6617359e-07,0.00042084363,1.4652382e-11,0.999579,Rndm,0.974,5008,Rndm,Rndm,1
14652759,80,ACF,0.0393513028939196,0.0733361375110748,0.022260467903702,1.2182247719871686,0.0334219518117606,2.7912396e-11,1.1321917e-15,1.1122714e-10,2.9156405e-15,3.811932e-09,0.012273998,8.033236e-12,0.98772603,Rndm,0.974,5009,Rndm,Rndm,1
14652759,80,ACF,0.3310139008135593,0.0506668984942864,0.020853340467378,4.474053169748316,0.0334219518117606,2.0576132e-05,1.4150918e-10,2.9679239e-12,7.089778e-14,3.2738444e-05,0.00015172965,4.677197e-11,0.999795,Rndm,0.958,5010,Rndm,Rndm,1
14652759,80,ACF,0.3981425939855398,0.0566632625741796,0.0204972339877767,3.699309539491906,0.0334219518117606,2.7802357e-06,3.3517987e-11,1.5326718e-12,1.9061992e-14,3.7460534e-06,0.00010837854,1.1570721e-11,0.9998851,Rndm,0.958,5011,Rndm,Rndm,1
14652759,80,ACF,0.2962921629659831,0.0494080622518838,0.0201649237539741,1.418363124682216,0.0334219518117606,2.7187907e-06,3.7568736e-11,1.6777655e-12,9.915824e-15,5.0099106e-06,3.848942e-05,9.380968e-12,0.99995375,Rndm,0.954,5012,Rndm,Rndm,1
14652759,80,ACF,0.062499128125637,0.0754042531153509,0.0197460666485899,1.248172901403585,0.0334219518117606,1.7607075e-06,2.0370823e-11,1.6773586e-12,2.1996482e-14,2.483453e-06,7.282422e-05,2.3259108e-11,0.9999229,Rndm,0.974,5013,Rndm,Rndm,1
14652759,80,ACF,0.1412017339134763,0.0619327591174828,0.0189076221227703,0.9339090816820104,0.0334219518117606,7.39044e-07,1.5063093e-11,4.7077983e-13,4.9447382e-15,8.864994e-07,5.1638974e-05,3.7873797e-12,0.9999467,Rndm,0.974,5014,Rndm,Rndm,1
14652759,80,ACF,0.3402730309062463,0.0569276405443977,0.0185986725635632,1.0543150333397762,0.0334219518117606,1.2536883e-06,9.8753755e-11,3.1216507e-12,7.8998596e-14,3.1093564e-06,0.0002630979,2.5969449e-11,0.99973243,Rndm,0.958,5015,Rndm,Rndm,1
14652759,80,ACF,0.4513825920184899,0.0529591378270493,0.018060507324141,0.9695001999568548,0.0334219518117606,2.3060377e-06,4.8507667e-11,2.7197146e-12,2.8289913e-14,2.031383e-06,9.0307476e-05,1.3434377e-11,0.99990535,Rndm,0.958,5016,Rndm,Rndm,1
14652759,80,ACF,0.1365721688671328,0.0640342263531561,0.0180591487395486,0.934071338005765,0.0334219518117606,1.7925637e-05,2.092339e-10,1.1331754e-11,1.5197251e-13,2.1690415e-05,0.000108445354,6.0491404e-11,0.99985194,Rndm,0.978,5017,Rndm,Rndm,1
14652759,80,ACF,0.2361078173635178,0.0662453299084143,0.0176422958053679,2.1318501993279284,0.0334219518117606,6.896744e-07,1.7579355e-11,7.662172e-13,4.6233083e-15,7.257017e-07,6.573824e-05,3.8605304e-12,0.9999329,Rndm,0.958,5018,Rndm,Rndm,1
14652759,80,ACF,0.2037008620391134,0.055147214361851,0.0173000313262941,2.626879945466328,0.0334219518117606,1.1482782e-06,3.2560805e-11,1.4327519e-12,1.8510817e-14,2.7117255e-06,0.00014200251,1.6539832e-11,0.9998542,Rndm,0.968,5019,Rndm,Rndm,1
14652759,80,ACF,0.2291634697940026,0.0627284990263534,0.0167610678741685,1.590775844132125,0.0334219518117606,2.6523326e-06,4.5576157e-11,2.9503045e-12,3.9253692e-14,2.8259983e-06,7.700156e-05,1.6986574e-11,0.9999175,Rndm,0.958,5020,Rndm,Rndm,1
14652759,80,ACF,0.3564765085684485,0.0600001192425073,0.0166673759972128,0.8845521586730456,0.0334219518117606,4.4132834e-05,1.1015953e-09,6.39299e-11,7.5828155e-12,3.956634e-05,0.0013416782,3.439985e-10,0.9985746,Rndm,0.962,5021,Rndm,Rndm,1
14652759,80,ACF,0.1226834737281024,0.0637194995901774,0.0159228569514295,1.906362839463199,0.0334219518117606,2.2464756e-06,5.0141894e-11,1.560393e-12,2.7260805e-14,4.8845072e-06,0.00010215465,1.2801269e-11,0.9998907,Rndm,0.974,5022,Rndm,Rndm,1
14652759,80,ACF,0.4050869415550551,0.0589358038353343,0.0154731959878939,0.7690988706823418,0.0334219518117606,2.2484953e-06,2.4105202e-11,1.0086021e-12,9.7511915e-15,3.852301e-06,6.663549e-05,1.5086609e-11,0.9999273,Rndm,0.958,5023,Rndm,Rndm,1
14652759,80,ACF,0.0138886951390304,0.0807239802600616,0.0153201251206244,0.8089036149092887,0.0334219518117606,2.984652e-06,1.2377807e-06,9.0527865e-06,1.7451502e-07,2.1249649e-05,0.018714126,4.290069e-06,0.981247,Rndm,0.92,5024,Rndm,Rndm,1
14652759,80,ACF,0.270829555211094,0.0509073997448983,0.0130538710356411,1.1291371486728965,0.0334219518117606,1.6581689e-06,4.2246567e-11,2.4805592e-12,1.4046227e-14,2.7082074e-06,7.883506e-05,3.580907e-12,0.9999168,Rndm,0.958,5025,Rndm,Rndm,1
14652759,80,ACF,0.0208330427085456,0.0688811802196874,0.012954781440055,1.182194115175669,0.0334219518117606,2.8528697e-07,3.817718e-09,9.806905e-07,5.4096314e-09,4.6408445e-06,0.002079807,3.2156642e-08,0.99791425,Rndm,0.974,5026,Rndm,Rndm,1
14652759,80,ACF,0.0347217378475761,0.0711793545802678,0.0121646618010626,1.2683783485107476,0.0334219518117606,2.8669387e-15,8.044874e-18,3.80268e-11,4.835109e-16,1.6735847e-12,0.57114905,6.579757e-12,0.4288509,Rndm,0.81,5027,Rndm,Rndm,1
14652759,80,ACF,0.2453669474562048,0.0623547744467746,0.0117974436481084,0.9289436592470536,0.0334219518117606,1.1489485e-05,1.1744514e-10,9.380466e-12,6.9473886e-14,1.4064998e-05,7.429684e-05,5.1119543e-11,0.9999002,Rndm,0.958,5028,Rndm,Rndm,1
14652759,80,ACF,0.1666643416683655,0.0606973868998215,0.0108353981872162,1.0555783639558172,0.0334219518117606,1.0187588e-05,8.882733e-11,8.080799e-12,2.2808456e-13,8.6883465e-06,0.00016976737,7.126158e-11,0.9998115,Rndm,0.972,5029,Rndm,Rndm,1
14652759,80,ACF,0.2916625979196396,0.049407528726074,0.0104535915027154,0.9597920839471072,0.0334219518117606,4.5604666e-06,1.3368478e-11,1.8131089e-13,3.1020214e-15,3.5349412e-06,2.9443789e-05,4.155937e-12,0.99996245,Rndm,0.94,5030,Rndm,Rndm,1
14652759,80,ACF,0.261570425118407,0.0637687159572489,0.0100261434565968,1.0107655233198756,0.0334219518117606,1.0375633e-06,1.406988e-11,1.3279789e-12,8.13019e-15,1.7684185e-06,4.7274527e-05,6.554593e-12,0.9999498,Rndm,0.958,5031,Rndm,Rndm,1
14652759,80,ACF,0.3749947687538224,0.0508111958055594,0.0096530476475584,1.5166502717278263,0.0334219518117606,1.1922248e-06,5.337565e-11,2.0706525e-12,1.6939465e-14,1.8241639e-06,0.00014296659,7.165932e-12,0.9998541,Rndm,0.958,5032,Rndm,Rndm,1
14652759,80,ACF,0.351846943522105,0.0490274165877538,0.0082254546826872,0.8844227787086538,0.0334219518117606,9.63025e-06,3.6749015e-10,1.5935466e-11,2.2811508e-13,1.4147156e-05,0.00014350159,4.6868488e-11,0.99983275,Rndm,0.958,5033,Rndm,Rndm,1
14652759,80,ACF,0.2499965125025482,0.0634065939587574,0.0077491173176446,0.8015393653743814,0.0334219518117606,2.5559145e-06,5.960895e-11,3.0703595e-12,3.0804457e-14,3.926118e-06,8.765168e-05,1.1441633e-11,0.99990594,Rndm,0.958,5034,Rndm,Rndm,1
14652759,80,ACF,0.0277773902780609,0.0704657802622241,0.0072022277244265,1.3469778715671072,0.0334219518117606,6.5191397e-10,2.5658655e-12,1.0562256e-08,4.7626524e-13,6.411261e-08,0.0010529426,2.034028e-10,0.99894696,Rndm,0.974,5035,Rndm,Rndm,1
14652759,80,ACF,0.0787026057878392,0.0633863760033077,0.0071189616575594,0.6684884796807609,0.0334219518117606,3.4970835e-06,6.534124e-11,3.128314e-12,5.637478e-14,2.0605264e-06,8.669726e-05,1.43102405e-11,0.99990773,Rndm,0.958,5036,Rndm,Rndm,1
14652759,80,ACF,0.0509252155097783,0.0601505621551618,0.0069428960446628,0.9939977139082288,0.0334219518117606,2.8579646e-07,2.5452046e-10,8.983929e-11,3.0798993e-13,7.976706e-07,0.00047127585,1.697051e-10,0.9995277,Rndm,0.974,5037,Rndm,Rndm,1
14652759,80,ACF,0.162034776622022,0.0602508609129078,0.0069018450172291,0.8321748927197348,0.0334219518117606,5.3175413e-06,8.474613e-11,2.6199687e-12,1.9601018e-14,2.4921746e-06,6.917648e-05,2.1342459e-11,0.999923,Rndm,0.97,5038,Rndm,Rndm,1
14652759,80,ACF,0.1111095611122436,0.0593710819780176,0.0067182359472373,2.5422806389769192,0.0334219518117606,1.1290465e-07,4.3104773e-12,2.3384493e-12,3.70188e-15,6.299719e-07,8.030399e-05,3.796387e-12,0.99991894,Rndm,0.972,5039,Rndm,Rndm,1
14652759,80,ACF,0.0092591300926869,0.0750127004104067,0.0065245205330792,0.8395059629480814,0.0334219518117606,0.37041056,0.00066273415,0.027014976,0.00935442,0.1885571,0.0050089364,0.006383873,0.39260745,Rndm,0.718,5040,Rndm,Rndm,1
14652759,80,ACF,0.1805530368073959,0.0580428243769024,0.0060839281346662,1.0749697897871189,0.0334219518117606,2.533896e-06,4.068164e-11,5.783557e-12,2.996829e-14,2.5136853e-06,0.00010655384,1.0969885e-11,0.9998884,Rndm,0.974,5041,Rndm,Rndm,1
14652759,80,ACF,0.1319426038207893,0.0571108868941229,0.0054584722378572,1.074128407359595,0.0334219518117606,3.4087683e-05,2.4640717e-10,1.8747663e-11,7.14626e-13,2.8887112e-05,0.00016300136,8.700338e-11,0.99977404,Rndm,0.978,5042,Rndm,Rndm,1
14652759,80,ACF,0.3472173784757615,0.0490893090210162,0.0050090967010975,1.1879095415354757,0.0334219518117606,6.958626e-06,1.830711e-10,5.7728488e-12,1.5493578e-13,1.0564696e-05,0.00020966238,5.212771e-11,0.99977285,Rndm,0.954,5043,Rndm,Rndm,1
14652759,80,ACF,0.1458312989598198,0.0551687693182064,0.0036445262112536,1.3270977499770211,0.0334219518117606,1.5196648e-06,2.6495497e-11,1.4877679e-12,1.4792073e-14,2.86419e-06,0.00014482126,5.4029246e-12,0.99985075,Rndm,0.974,5044,Rndm,Rndm,1
14652759,80,ACF,0.0578695630792935,0.0633650610882985,0.0026589297279367,1.3706364760550578,0.0334219518117606,1.5613524e-07,2.9771712e-12,2.6789805e-12,4.8525357e-15,8.378524e-07,4.5615332e-05,5.706395e-12,0.9999534,Rndm,0.972,5045,Rndm,Rndm,1
14652759,80,ACF,0.0694434756951523,0.0575898745251925,0.0005282003011035,0.6367198753437542,0.0334219518117606,2.0486082e-06,5.102594e-11,1.711823e-12,2.71153e-14,1.5837498e-06,0.00013406316,3.84568e-11,0.9998623,Rndm,0.974,5046,Rndm,Rndm,1
14652759,80,ACF,0.2407373824098613,0.0564960429767758,0.0004716870866393,0.5298800555140133,0.0334219518117606,3.0876306e-06,6.572063e-11,2.409679e-12,2.90056e-14,2.2471625e-06,9.572335e-05,1.4310851e-11,0.9998989,Rndm,0.952,5047,Rndm,Rndm,1
14652759,80,ACF,0.1064799960659002,0.0581266684302566,1.4562188634652253e-05,0.501330166342143,0.0334219518117606,3.7358598e-07,6.5742403e-12,1.0037869e-12,3.4650832e-15,1.1694702e-06,3.3044173e-05,4.601893e-12,0.9999654,Rndm,0.974,5048,Rndm,Rndm,1
41157203,65,ACF,0.1643540237355409,0.0494753279480103,0.0520352650459836,2.273763739722213,0.0351033150218427,0.0013716904,1.499389e-08,3.079464e-08,0.0006443921,0.023272814,0.009132514,7.7873985e-05,0.9655006,Rndm,0.954,3139,Rndm,Rndm,1
41157203,65,ACF,0.4467651631121043,0.0335684781216025,0.0489037912849593,1.4051282518937,0.0351033150218427,0.0015252073,4.047375e-09,8.353269e-09,0.0003323004,0.017703101,0.0040909136,3.1418618e-05,0.97631705,Rndm,0.948,3140,Rndm,Rndm,1
41157203,65,ACF,0.2546329945198522,0.0342097978500858,0.0360651587894213,4.057275154304776,0.0351033150218427,0.0007036605,2.2220523e-09,7.712076e-09,0.00024484075,0.022482803,0.005038208,5.717258e-05,0.97147334,Rndm,0.956,3141,Rndm,Rndm,1
41157203,65,ACF,0.0486117534992445,0.0356775413716388,0.0330357367175385,1.938495742957258,0.0351033150218427,0.00021756277,6.0277388e-09,1.1951684e-07,0.00010159271,0.0067524035,0.059790757,3.422914e-05,0.9331034,Rndm,0.972,3142,Rndm,Rndm,1
41157203,65,ACF,0.097223506998489,0.0303526744766393,0.0300971250799405,2.2205883691416237,0.0351033150218427,0.0008157359,1.3869923e-08,5.11753e-08,0.00025867517,0.016304383,0.008236956,5.873965e-05,0.9743256,Rndm,0.97,3143,Rndm,Rndm,1
41157203,65,ACF,0.1875024777828002,0.0292019896345125,0.0264481439709845,5.029379597972849,0.0351033150218427,0.0006299968,3.5846581e-09,2.0782144e-08,0.0002889754,0.0208646,0.008040778,5.17804e-05,0.97012377,Rndm,0.968,3144,Rndm,Rndm,1
41157203,65,ACF,0.0185187632378074,0.0382436063157438,0.0261465370242531,1.239824313814637,0.0351033150218427,7.554577e-05,7.903765e-08,1.046076e-06,3.2814693e-05,0.0016996517,0.024838846,1.9746712e-06,0.97335005,Rndm,0.988,3145,Rndm,Rndm,1
41157203,65,ACF,0.064815671332326,0.0287405182089583,0.0236511838582015,2.7255126698791834,0.0351033150218427,0.0030069356,1.3404461e-08,4.8268458e-08,0.0002689041,0.04204341,0.00440881,8.119183e-05,0.95019066,Rndm,0.96,3146,Rndm,Rndm,1
41157203,65,ACF,0.0138890724283555,0.0349811986482712,0.0200303571782406,1.9191748297512576,0.0351033150218427,1.4214798e-05,8.611686e-08,1.9413721e-06,9.254026e-06,0.0003228628,0.037848983,1.772354e-06,0.9618009,Rndm,0.932,3147,Rndm,Rndm,1
41157203,65,ACF,0.1805579415686224,0.0293707484217572,0.0185653404508015,0.8642507752881414,0.0351033150218427,0.00062029227,8.0888105e-09,2.7618196e-08,0.00097479805,0.013193515,0.03152078,0.00014818725,0.9535424,Rndm,0.944,3148,Rndm,Rndm,1
41157203,65,ACF,0.0277781448567111,0.0288090467864364,0.0105063086935267,1.1468709673668671,0.0351033150218427,1.2373692e-06,1.1782156e-10,1.4558434e-06,0.00018258052,0.0003799347,0.4083729,1.2230068e-05,0.59104973,Rndm,0.884,3149,Rndm,Rndm,1
41157203,65,ACF,0.0231484540472592,0.0288488966400661,0.0082760646798162,0.8923734240676531,0.0351033150218427,1.13918524e-07,3.144508e-10,1.245575e-07,1.4580667e-06,2.032102e-05,0.019789092,6.1100465e-08,0.98018897,Rndm,0.962,3150,Rndm,Rndm,1
41157203,65,ACF,0.032407835666163,0.0284015744507586,0.0077133966038367,0.649717886936191,0.0351033150218427,3.855834e-12,1.241858e-16,4.173867e-09,1.1581022e-05,3.5791727e-09,0.99659854,2.750328e-07,0.003389711,Rndm,0.548,3151,Rndm,Rndm,1
106774563,80,LS,3.3903135099428887,0.1572787562862967,0.1557091799226662,12.146049628948491,0.224459171295166,1.781835e-16,1.0165346e-07,1.7635488e-10,7.1417226e-22,4.7250072e-20,3.624293e-14,5.134542e-10,0.9999999,Rndm,0.993997425997426,337,Rndm,Rndm,1
106774563,80,LS,1.2357217466146977,0.0457851912238136,0.0323137462782144,6.591691340131504,0.224459171295166,2.8067807999999996e-18,1.3595548e-08,9.822553e-12,8.10736e-25,9.107434e-23,2.3532043e-15,5.023658e-12,1.0,Rndm,0.9939486455096213,338,Rndm,Rndm,1
106774563,80,LS,6.296296518465365,0.0874450648187557,0.0291302029838608,3.195823620442672,0.224459171295166,8.172396e-14,6.637341e-08,1.7846614e-05,1.3025483e-15,2.5929558e-16,2.4144363e-12,2.9246937e-06,0.99997914,Rndm,0.997997425997426,339,Rndm,Rndm,1
106774563,80,LS,1.5197957113537088,0.0434422405720607,0.0270659314399818,8.105921998728533,0.224459171295166,1.9039302000000002e-16,8.306745e-10,8.433865e-08,2.7215018e-20,5.6989436000000005e-21,5.6819423e-15,9.602753e-09,0.9999999,Rndm,0.9939486455096213,340,Rndm,Rndm,1
106774563,80,LS,2.5925926840739737,0.0406271787446544,0.0225314229611753,4.10158879989627,0.224459171295166,5.2720024e-16,2.2396168e-08,9.977784e-09,9.807644e-21,1.226032e-19,1.8582077e-14,5.7132116e-10,1.0,Rndm,0.993997425997426,341,Rndm,Rndm,1
106774563,80,LS,1.0411198967541155,0.0308172235589449,0.0156176822233435,4.76177343063307,0.224459171295166,3.3101419e-15,2.684079e-10,2.0131574e-09,3.288624e-20,1.1571182e-20,3.1258467000000004e-16,2.4724162e-10,1.0,Rndm,0.995997425997426,342,Rndm,Rndm,1
106774563,80,LS,1.8888889555396096,0.0346248097050618,0.0139151548176397,11.851894101570773,0.224459171295166,1.5057473e-17,6.1584093e-10,2.0219968e-09,1.614423e-22,7.106855e-22,8.562072700000001e-16,2.3277513e-10,1.0,Rndm,0.9939486455096213,343,Rndm,Rndm,1
106774563,80,LS,1.120527346506548,0.0304263594067293,0.0138661126670295,4.466962602193405,0.224459171295166,9.520973000000001e-17,1.6118918e-09,2.5413055e-08,2.8974853000000004e-22,6.978681e-22,6.069358e-16,1.6216983e-09,1.0,Rndm,0.9279486455096212,344,Rndm,Rndm,1
106774563,80,LS,0.9651257437063696,0.0251761837734708,0.0123019750656797,4.459127704010996,0.224459171295166,9.7490165e-14,1.5619707e-09,4.250005e-07,8.5481527e-19,2.3738087999999997e-19,4.3696935e-15,8.236073e-08,0.9999995,Rndm,0.995997425997426,345,Rndm,Rndm,1
106774563,80,LS,0.899470931209338,0.019083014393537,0.0110167176720239,5.132415944785748,0.224459171295166,2.0835978000000001e-16,1.2809913e-09,1.915233e-08,4.6141224e-22,1.1273806e-21,7.3704164e-16,1.4273547e-09,1.0,Rndm,0.995997425997426,346,Rndm,Rndm,1
106774563,80,LS,0.7185990591726775,0.0146894667697316,0.0102279338075179,5.116734423784806,0.224459171295166,3.272833e-17,1.3979056e-09,5.0730546e-07,3.7039168e-22,2.1619598e-22,3.1242358e-16,2.1758957e-08,0.9999995,Rndm,0.998,347,Rndm,Rndm,1
106774563,80,LS,0.6481481710184934,0.0132975389073378,0.0085418192491781,4.700426676613802,0.224459171295166,4.8398894e-17,1.4494451e-09,3.9832817e-09,4.1681787000000006e-22,2.8400134000000003e-21,1.9421806e-14,3.738234e-11,1.0,Rndm,0.996,348,Rndm,Rndm,1
106774563,80,LS,0.6815578705555292,0.0130213978482704,0.0082267847758177,4.655260099809226,0.224459171295166,1.6718866999999998e-18,1.0380077e-09,2.7622677e-08,2.5847854000000003e-22,1.4586368e-23,2.8766899000000003e-16,1.0174804e-09,1.0,Rndm,0.996,349,Rndm,Rndm,1
106774563,80,LS,0.7965194390829679,0.014300985690956,0.0081044794432158,5.12183888389859,0.224459171295166,1.2651465e-14,1.906247e-10,4.518113e-08,2.8725294e-19,1.6146224e-19,1.1711764e-15,1.925191e-08,0.9999999,Rndm,0.995997425997426,350,Rndm,Rndm,1
106774563,80,LS,0.6207616285810923,0.0109312678663411,0.0065251756243206,4.662908901063304,0.224459171295166,6.481478e-17,1.2619974e-09,3.8969188e-06,1.9487177000000002e-22,4.244765400000001e-22,3.0038962e-16,1.2449985e-07,0.99999595,Rndm,1.0,351,Rndm,Rndm,1
106774563,80,LS,0.7598978556768544,0.0126441636527836,0.0059438778091,4.269829743394183,0.224459171295166,3.156701e-16,5.930382e-10,5.34635e-07,1.5912613000000002e-22,3.799587e-21,1.4136994e-15,1.8519458e-08,0.9999994,Rndm,0.997997425997426,352,Rndm,Rndm,1
106774563,80,LS,0.8475783774857222,0.0148567449697508,0.0052175502947604,4.09348446612475,0.224459171295166,2.1512979e-15,4.5913778e-10,7.69492e-10,1.9194376999999998e-20,2.7336116000000003e-21,9.416088e-16,4.6295956e-10,1.0,Rndm,0.995997425997426,353,Rndm,Rndm,1
106774563,80,LS,1.335578049371441,0.0303027769139692,0.0047198495166398,2.6924726124691745,0.224459171295166,4.5334064e-17,2.831786e-10,3.6181152e-08,1.5510725e-21,1.1211705e-21,1.6924489e-15,1.5193848e-09,1.0,Rndm,0.9939486455096213,354,Rndm,Rndm,1
106774563,80,LS,5.085470264914333,0.0685431040366118,0.0024503535010095,1.5570733414964693,0.224459171295166,7.999194e-13,2.3705544e-09,5.7380457e-06,5.9637446e-17,3.2214624e-16,3.33048e-13,2.8153983e-07,0.99999404,Rndm,0.997997425997426,355,Rndm,Rndm,1
106774563,80,LS,2.065972295121448,0.0304640428981244,0.0023196691002032,2.298506606499025,0.224459171295166,4.838393e-13,9.964829e-09,3.52176e-07,1.2831625000000002e-16,6.927611000000001e-17,5.863874e-14,8.8761976e-09,0.99999964,Rndm,0.9939486455096213,356,Rndm,Rndm,1
106774563,80,LS,1.673699074528768,0.0221873928708959,0.0003001101273829,1.5109779585201863,0.224459171295166,2.4271964e-17,4.7579167e-09,9.711447e-09,1.5312479000000002e-22,5.629175600000001e-22,1.170814e-16,2.7610763e-09,1.0,Rndm,0.9939486455096213,357,Rndm,Rndm,1
133809224,80,ACF,0.2754605609052305,0.0392422510499027,0.0408915099087411,2.388701434740014,0.0171097088605165,2.232914e-06,4.2315013e-11,2.419946e-12,3.5690423e-11,9.081083e-07,0.0009137808,1.3000694e-10,0.99908316,Rndm,0.958,8646,Rndm,Rndm,1
133809224,80,ACF,0.1111101422138745,0.0554038865112686,0.0406751045517634,1.3492017009462955,0.0171097088605165,4.080571e-08,1.3097029e-12,3.3452217e-12,2.0758358e-12,2.1539968e-07,0.0005980162,1.9973566e-11,0.9994017,Rndm,0.96,8647,Rndm,Rndm,1
133809224,80,ACF,0.1620356240619003,0.0437913816270923,0.0381663120779432,3.459776801832163,0.0171097088605165,7.858567e-06,1.7355026e-10,1.702882e-11,4.0665948e-10,1.9001762e-06,0.0010768177,2.9761665e-10,0.9989134,Rndm,0.974,8648,Rndm,Rndm,1
133809224,80,ACF,0.0787030174014944,0.0487434227120469,0.0308392124944928,1.1055681464546012,0.0171097088605165,1.204784e-05,2.6943753e-10,2.7294904e-11,4.0956868e-10,5.9583376e-06,0.0015632275,1.4854497e-09,0.9984188,Rndm,0.976,8649,Rndm,Rndm,1
133809224,80,ACF,0.1388876777673431,0.0436342676587679,0.0305703243503883,4.1720919900388935,0.0171097088605165,2.4745193e-06,7.7000586e-11,7.061507e-12,1.6473233e-11,3.7597893e-06,0.00032535134,1.8260074e-10,0.9996685,Rndm,0.974,8650,Rndm,Rndm,1
133809224,80,ACF,0.0833326066604058,0.0469959728443912,0.0296326615234215,3.913011888515889,0.0171097088605165,1.2496812e-05,9.257184e-10,5.293953e-11,2.1557028e-10,3.647238e-06,0.000988352,5.1962373e-10,0.9989955,Rndm,0.974,8651,Rndm,Rndm,1
133809224,80,ACF,0.1689800079502674,0.0386557941328152,0.025408155978097,1.3232193686553728,0.0171097088605165,3.8538587e-06,8.656306e-11,1.16869145e-11,1.4872381e-10,1.4387792e-06,0.00072240917,3.901667e-10,0.9992724,Rndm,0.972,8652,Rndm,Rndm,1
133809224,80,ACF,0.106480552954963,0.0455586740062406,0.0230113865504505,1.1672800303668964,0.0171097088605165,4.0566997e-07,9.165374e-12,8.888843e-12,1.4921913e-11,6.596604e-07,0.0007197761,5.772423e-11,0.9992792,Rndm,0.974,8653,Rndm,Rndm,1
133809224,80,ACF,0.0532402764774815,0.0461642870489193,0.0211614429198765,1.234719956330366,0.0171097088605165,6.1018737e-09,4.0231442e-12,2.2523303e-11,1.1729165e-12,2.1732404e-08,0.0008111885,8.251273e-12,0.99918884,Rndm,0.974,8654,Rndm,Rndm,1
133809224,80,ACF,0.0416663033302029,0.0551213888818251,0.0205984401106442,1.025360999925871,0.0171097088605165,9.803678e-12,1.320672e-14,9.383282e-10,1.0979361e-12,7.6728857e-10,0.013282484,2.4389252e-10,0.9867176,Rndm,0.96,8655,Rndm,Rndm,1
133809224,80,ACF,0.04861068721857,0.0458799969054799,0.0203657818959924,1.943660392195344,0.0171097088605165,1.5940676e-08,9.4027924e-11,1.1096577e-11,5.7420593e-11,4.0307594e-08,0.003064521,4.236304e-11,0.9969355,Rndm,0.974,8656,Rndm,Rndm,1
133809224,80,ACF,0.0277775355534686,0.0619596643960647,0.0190659494632014,0.9559333203271744,0.0171097088605165,4.0583872e-10,1.0473167e-12,2.3508248e-08,2.6841107e-09,1.4387225e-08,0.004345459,1.1227688e-09,0.9956546,Rndm,0.974,8657,Rndm,Rndm,1
133809224,80,ACF,0.0949065798076844,0.0438845120560302,0.0177861548038674,1.0434321653568333,0.0171097088605165,3.7162322e-06,4.3987305e-10,9.876018e-11,2.3256692e-10,2.8206434e-06,0.0018269551,4.8035875e-10,0.9981665,Rndm,0.972,8658,Rndm,Rndm,1
133809224,80,ACF,0.0694438388836715,0.0427900127437081,0.0176873905415748,2.1010629595513777,0.0171097088605165,8.95394e-06,6.226318e-11,1.0931944e-11,5.287373e-11,1.0021963e-05,0.0005740241,9.540617e-11,0.99940705,Rndm,0.966,8659,Rndm,Rndm,1
133809224,80,ACF,0.0185183570356457,0.0683346094805866,0.0162102743177349,1.5193673437891049,0.0171097088605165,3.06241e-09,1.14632866e-10,8.814531e-09,6.4094e-09,1.2897378e-07,0.0021820413,6.4874234e-10,0.9978179,Rndm,0.974,8660,Rndm,Rndm,1
133809224,80,ACF,0.0601846603658486,0.0395747395937037,0.0139836076321983,1.0937899786585916,0.0171097088605165,7.7892236e-07,1.9363598e-11,8.846365e-12,1.9779244e-11,4.0227624e-07,0.0006099393,5.569362e-11,0.9993888,Rndm,0.96,8661,Rndm,Rndm,1
133809224,80,ACF,0.1574060348029888,0.0380281153586749,0.0125540084370533,0.8934920739669536,0.0171097088605165,1.4426101e-06,5.8125452e-11,6.4844705e-12,2.3124325e-11,1.3222073e-06,0.000602631,5.5952572e-11,0.99939466,Rndm,0.96,8662,Rndm,Rndm,1
133809224,80,ACF,0.1157397314727859,0.0391245706374514,0.0115718568764085,1.285412172248705,0.0171097088605165,9.857965e-07,9.669688e-12,1.16240914e-11,1.7317335e-11,2.643523e-06,0.0004093107,9.480239e-11,0.9995871,Rndm,0.974,8663,Rndm,Rndm,1
133809224,80,ACF,0.074073428142583,0.0418601272955597,0.0107164030070815,0.8197493584914781,0.0171097088605165,7.206896e-07,9.81005e-12,7.6531083e-13,3.2251964e-12,5.702325e-07,0.00033777932,1.500423e-11,0.99966097,Rndm,0.974,8664,Rndm,Rndm,1
133809224,80,ACF,0.0138887677767343,0.0638836810579898,0.0094140475564613,0.9374858930697708,0.0171097088605165,1.4567295e-06,3.658887e-08,1.8184511e-06,2.5572472e-06,1.2252364e-05,0.001912156,6.754567e-08,0.9980697,Rndm,0.964,8665,Rndm,Rndm,1
133809224,80,ACF,0.1203693207316973,0.0386221101420329,0.0068642809973172,0.7512235764223902,0.0171097088605165,1.7150035e-06,4.5411525e-11,1.224631e-11,3.987919e-11,3.6665542e-06,0.0012327766,1.7139276e-10,0.9987619,Rndm,0.974,8666,Rndm,Rndm,1
133809224,80,ACF,0.0370367140712915,0.0443592658546032,0.0043083279359111,0.7190010701857208,0.0171097088605165,2.2514586e-20,1.8554545e-23,1.0739678e-11,1.8389127e-12,1.1767727999999998e-18,0.9999505,1.4907721e-11,4.9416893e-05,Rndm,0.5,8667,Rndm,Rndm,1
133809224,80,ACF,0.090276990548773,0.0372328878180755,0.0001604617037266,0.5072055890805771,0.0171097088605165,1.9320748e-06,7.279417e-11,2.1038669e-11,6.963393e-11,1.98761e-06,0.0012784122,1.9115821e-10,0.99871767,Rndm,0.974,8668,Rndm,Rndm,1
151611305,61,LS,8.056322698299786,0.0730907569710244,0.0668115415808757,2.5447674714694384,0.5713175237178802,9.724794e-12,5.7658453e-06,2.471573e-09,1.7190004e-17,9.797321e-13,0.0021139819,1.83719e-05,0.9978619,Rndm,0.998,5751,Rndm,Rndm,1
151611305,61,LS,6.042242023724838,0.0364424791755548,0.0325034387944744,2.4689435558875825,0.5713175237178802,8.5040244e-15,4.2307593e-07,1.7138537e-11,6.315618e-19,3.226582e-15,4.3000902e-05,1.2108332e-07,0.9999565,Rndm,0.999997425997426,5752,Rndm,Rndm,1
151611305,61,LS,4.028161349149892,0.0134864053229844,0.0121349778707985,2.4149777004949087,0.5713175237178802,4.9339330000000004e-18,1.3723186e-11,3.6184808e-08,3.4613060000000003e-22,4.231468499999999e-18,7.788723e-08,8.698398e-12,0.9999999,Rndm,0.989997425997426,5753,Rndm,Rndm,1
212374773,66,LS,4.580200220538543,0.0854812481996568,0.0807610347853799,3.7818312269048224,0.0185333041008561,0.31139052,2.6648715e-06,5.4881007e-06,0.00037439913,0.0011573456,0.66878533,2.5603476e-05,0.018258628,Rndm,0.24,1821,Rndm,Rndm,1
212374773,66,LS,2.2052815876667053,0.064741201518953,0.0646220220923475,3.78789110169285,0.0185333041008561,0.0013480199,3.9462836e-07,5.6467428e-08,4.697058e-05,5.1074876e-06,0.99238825,4.263454e-06,0.0062070116,Rndm,0.416,1822,Rndm,Rndm,1
212374773,66,LS,1.470187725111137,0.0628056645576592,0.060373689480066,3.861189030729605,0.0185333041008561,2.151917e-06,5.9435436e-08,6.398344e-09,2.308361e-05,5.8413058e-08,0.9995185,3.0446297e-06,0.0004531731,Rndm,0.412,1823,Rndm,Rndm,1
212374773,66,LS,2.5337277815745125,0.0585505788219008,0.0458843965274757,3.872752277355709,0.0185333041008561,7.3957085e-07,1.2854314e-09,2.5265867e-10,3.9271416e-07,7.305019e-08,0.99975425,5.9277543e-09,0.00024455454,Rndm,0.41,1824,Rndm,Rndm,1
212374773,66,LS,3.608642598000064,0.0318955858050863,0.0302797820328336,3.1675757741803103,0.0185333041008561,6.619973e-05,8.051707e-08,5.7262524e-09,2.9687114e-06,5.146109e-06,0.98701036,7.500307e-08,0.012915169,Rndm,0.39,1825,Rndm,Rndm,1
212374773,66,LS,1.3532409742500238,0.026751716206001,0.0232337119242389,3.840532293376896,0.0185333041008561,6.1207516e-06,7.808633e-09,6.807873e-10,1.5370621e-10,2.9203163e-06,0.020697663,2.0827855e-09,0.97929335,Rndm,0.929997425997426,1826,Rndm,Rndm,1
212374773,66,LS,1.6772564187887615,0.0270176106338348,0.020230892154475,5.783813522047119,0.0185333041008561,2.6637875e-07,1.1251164e-08,4.79412e-10,7.0156894e-09,6.3205725e-08,0.9638658,8.871843e-09,0.03613382,Rndm,0.542,1827,Rndm,Rndm,1
212374773,66,LS,1.0091966587627297,0.0147007587294019,0.0145744041971466,4.48877047201691,0.0185333041008561,1.027066e-06,2.202603e-08,2.6750935e-10,1.0904793e-09,3.0257257e-07,0.48397377,5.355788e-09,0.5160248,Rndm,0.742,1828,Rndm,Rndm,1
212374773,66,LS,1.8320800882154165,0.0157199363148942,0.0129055234124487,2.7854043733607554,0.0185333041008561,9.317503e-05,1.18828304e-07,7.392262e-08,4.248603e-06,2.8213151e-05,0.92976487,4.889242e-07,0.070108905,Rndm,0.546,1829,Rndm,Rndm,1
212374773,66,ACF,0.1388887965822505,0.314121118844121,0.0222654384225779,1.2128423674287916,0.0185333041008561,2.6079316e-08,1.4925026e-11,3.3833431e-13,4.4182564e-15,3.923252e-08,0.00011365874,6.620942e-13,0.99988616,Rndm,0.972,1830,Rndm,Rndm,1
212374773,66,ACF,0.1064814107130587,0.3326644423244661,0.0208225565941689,0.940096036539714,0.0185333041008561,1.3078533e-08,6.1540014e-12,1.1778479e-12,5.1995283e-15,2.8484532e-08,0.0001940549,3.781359e-13,0.999806,Rndm,0.974,1831,Rndm,Rndm,1
212374773,66,ACF,0.1273147302003963,0.3173067350863828,0.0206671358532976,2.254750176353092,0.0185333041008561,1.7473122e-08,1.6465251e-11,1.61469e-12,9.8497624e-15,2.9879835e-08,0.00016184043,1.7591432e-12,0.9998381,Rndm,0.972,1832,Rndm,Rndm,1
212374773,66,ACF,0.1203702903712837,0.3189328364832483,0.0182930628931974,1.8381351239464576,0.0185333041008561,4.2970754e-08,5.96118e-11,1.1502196e-12,1.1043328e-14,5.0733902e-08,0.00010528097,1.372807e-12,0.9998946,Rndm,0.974,1833,Rndm,Rndm,1
212374773,66,ACF,0.0833332779493503,0.3445697223806935,0.0180963449356147,1.9601515372528129,0.0185333041008561,1.8743023e-07,2.253664e-10,3.1419004e-12,8.0517366e-14,1.0083273e-07,0.00020627996,7.225169e-12,0.99979347,Rndm,0.972,1834,Rndm,Rndm,1
212374773,66,ACF,0.203703568320634,0.2639293335187541,0.017546264415788,0.9594534694442984,0.0185333041008561,1.04018865e-08,8.161719e-12,2.2859763e-13,2.880508e-15,1.832174e-08,0.00010454986,6.6919365e-13,0.99989545,Rndm,0.964,1835,Rndm,Rndm,1
212374773,66,ACF,0.2546294604007926,0.2189136925902642,0.0166896137499947,1.3568930018081031,0.0185333041008561,6.193651e-08,4.771856e-11,1.3666767e-12,2.5424241e-14,5.442015e-08,0.00012901977,5.0300367e-12,0.9998709,Rndm,0.96,1836,Rndm,Rndm,1
212374773,66,ACF,0.189814688662409,0.2684454575652931,0.0155531382093859,1.3528799299298695,0.0185333041008561,5.2728995e-09,4.230855e-12,2.6053153e-13,7.057604e-16,9.260637e-09,6.799935e-05,1.379251e-13,0.99993205,Rndm,0.97,1837,Rndm,Rndm,1
212374773,66,ACF,0.0231481327637084,0.3929363977282575,0.0154701341553456,2.7818710378691103,0.0185333041008561,6.662325e-10,5.873549e-11,1.1310696e-08,2.6295718e-10,2.6160274e-08,0.00021103087,2.9602654e-10,0.99978894,Rndm,0.974,1838,Rndm,Rndm,1
212374773,66,ACF,0.2222220745316008,0.2383064907261183,0.0153935026290526,1.0090229169279894,0.0185333041008561,5.0548245e-08,3.4059512e-11,6.476509e-13,9.571705e-15,3.189005e-08,9.2088674e-05,1.7294258e-12,0.99990773,Rndm,0.946,1839,Rndm,Rndm,1
212374773,66,ACF,0.277777593164501,0.1951514442843494,0.015243191240114,1.7595169771477115,0.0185333041008561,8.015494e-08,3.3028184e-11,1.0491561e-12,1.622764e-14,7.3691076e-08,0.0001491654,1.2390314e-12,0.99985075,Rndm,0.96,1840,Rndm,Rndm,1
212374773,66,ACF,0.1689813691750714,0.281082721308413,0.0143376117012945,1.7607017055773468,0.0185333041008561,9.397248e-08,1.2024748e-10,3.7542218e-12,6.704511e-14,8.1612164e-08,0.00032254105,4.195516e-12,0.9996773,Rndm,0.972,1841,Rndm,Rndm,1
212374773,66,ACF,0.3124997923100636,0.1589560061959056,0.012917545374584,1.9011410953699224,0.0185333041008561,1.658288e-08,1.2062501e-11,2.3024575e-13,2.8696957e-15,1.2027277e-08,0.0001229355,4.7692335e-13,0.9998771,Rndm,0.96,1842,Rndm,Rndm,1
212374773,66,ACF,0.0902777177784628,0.34099664415691,0.0125957936535323,1.3934542475729828,0.0185333041008561,7.276864e-08,6.410065e-11,4.341171e-12,4.290845e-14,8.165433e-08,0.00016277938,3.7305007e-12,0.99983704,Rndm,0.974,1843,Rndm,Rndm,1
212374773,66,ACF,0.0972221576075753,0.3379974997081269,0.0125006697641739,1.06344601212232,0.0185333041008561,6.967257e-08,9.3286504e-11,9.4052014e-12,1.0675585e-13,1.14559526e-07,0.00028508453,1.0288987e-11,0.9997147,Rndm,0.974,1844,Rndm,Rndm,1
212374773,66,ACF,0.1342591700295088,0.3152393363532327,0.0109403058640307,0.7339306115346247,0.0185333041008561,2.9124529e-08,2.4014287e-11,4.1901392e-13,6.402087e-15,3.5941223e-08,7.679401e-05,7.660402e-13,0.9999231,Rndm,0.972,1845,Rndm,Rndm,1
212374773,66,ACF,0.0439814522510459,0.3775900640553591,0.0106565227785457,1.1060415063781814,0.0185333041008561,2.4463671e-12,1.0564335e-14,2.2162526e-10,3.644607e-14,1.4658932e-10,0.0012155564,8.847138e-12,0.9987845,Rndm,0.974,1846,Rndm,Rndm,1
212374773,66,ACF,0.1643517426223297,0.2870645830534064,0.0104892710567739,0.7581088305388732,0.0185333041008561,9.1111126e-08,6.933076e-11,2.2697048e-12,4.7107656e-14,8.405533e-08,0.00035893416,6.841931e-12,0.99964094,Rndm,0.972,1847,Rndm,Rndm,1
212374773,66,ACF,0.2638887135062759,0.2034144446562275,0.0104235208454224,1.4130535497901209,0.0185333041008561,7.223826e-08,2.7621277e-11,6.3404517e-13,1.235715e-14,3.9666745e-08,6.631855e-05,1.5143144e-12,0.9999336,Rndm,0.96,1848,Rndm,Rndm,1
212374773,66,ACF,0.2939812860990969,0.1772307311240278,0.0103857554764957,4.124672983084679,0.0185333041008561,3.0590797e-07,1.3370355e-10,5.3802895e-12,1.0777272e-13,2.8010825e-07,0.00033955628,2.1032868e-11,0.9996599,Rndm,0.958,1849,Rndm,Rndm,1
212374773,66,ACF,0.1550924895168464,0.2981002072097999,0.0090258226326172,1.3941724141266292,0.0185333041008561,1.17362404e-07,4.944766e-11,1.1901299e-12,2.1095969e-14,1.1996822e-07,0.00010460777,6.0649836e-12,0.9998951,Rndm,0.97,1850,Rndm,Rndm,1
212374773,66,ACF,0.0740740248438669,0.3483176469270801,0.0087489897125083,0.8141261524927899,0.0185333041008561,1.6753784e-08,1.1359906e-11,1.6211639e-13,1.0498441e-15,1.6336337e-08,4.911879e-05,2.534978e-13,0.9999509,Rndm,0.974,1851,Rndm,Rndm,1
212374773,66,ACF,0.1134258505421712,0.3171321271363109,0.0081245174862398,2.112940463216141,0.0185333041008561,2.9297955e-09,1.1207428e-12,4.3396967e-13,6.968151e-16,1.5711263e-08,5.5865257e-05,8.810728e-14,0.9999441,Rndm,0.974,1852,Rndm,Rndm,1
212374773,66,ACF,0.1435184231349922,0.3057442074569846,0.0072404532925816,0.9166703059495944,0.0185333041008561,3.3970164e-08,1.743137e-11,6.922723e-13,8.206232e-15,5.1843777e-08,0.00012832422,1.4967674e-12,0.9998715,Rndm,0.972,1853,Rndm,Rndm,1
212374773,66,ACF,0.24768502057168,0.2131160766960451,0.0068311898293107,2.354026189706744,0.0185333041008561,3.2093457e-08,2.279691e-11,7.1148106e-13,5.276796e-15,2.788376e-08,9.878898e-05,1.3986058e-12,0.99990106,Rndm,0.96,1854,Rndm,Rndm,1
212374773,66,ACF,0.0393518256983043,0.3766406632379512,0.0067092213997813,0.845582420136541,0.0185333041008561,1.0220275e-15,1.0538213e-18,1.4958267e-10,1.57199e-14,1.3272836e-13,0.34913692,1.4960429e-11,0.6508631,Rndm,0.926,1855,Rndm,Rndm,1
212374773,66,ACF,0.0671295850147544,0.3562456863921128,0.0060599699809256,0.8252191678033363,0.0185333041008561,1.0246047e-07,4.5027225e-11,3.5352838e-12,1.5876115e-14,1.14453016e-07,4.9893337e-05,2.2203092e-12,0.9999498,Rndm,0.974,1856,Rndm,Rndm,1
212374773,66,ACF,0.2314813276370841,0.2241906835928372,0.0059830117188227,1.8153147487218604,0.0185333041008561,6.9568664e-08,4.790218e-11,9.90389e-13,1.1366664e-14,5.2800026e-08,8.977037e-05,2.7604449e-12,0.9999101,Rndm,0.96,1857,Rndm,Rndm,1
212374773,66,ACF,0.0347221991455626,0.37944737158006,0.005586008758936,0.7231934037609147,0.0185333041008561,2.3948638999999997e-18,2.0556899e-20,1.1519007e-11,1.9610191e-15,1.8862741000000002e-16,0.9538705,2.131188e-12,0.046129484,Rndm,0.7,1858,Rndm,Rndm,1
212374773,66,ACF,0.1944443152151507,0.2586482517526227,0.0051120033217202,1.082952613075875,0.0185333041008561,3.548241e-08,3.656494e-11,4.5430218e-13,4.4787223e-15,5.0197762e-08,7.850216e-05,2.160676e-12,0.9999213,Rndm,0.97,1859,Rndm,Rndm,1
212374773,66,ACF,0.0601851451856418,0.3591267934451826,0.0044217856798985,0.9146027383541516,0.0185333041008561,1.19143785e-07,7.651751e-11,2.7187778e-11,1.779914e-13,2.2028698e-07,0.00026165578,2.1136985e-11,0.9997379,Rndm,0.972,1860,Rndm,Rndm,1
212374773,66,ACF,0.3009257259282094,0.1761936215784525,0.0037270491867985,0.6677080496544363,0.0185333041008561,5.343808e-08,1.1536472e-11,2.0955638e-13,3.68144e-15,3.467989e-08,5.2161697e-05,1.0019958e-12,0.99994767,Rndm,0.96,1861,Rndm,Rndm,1
212374773,66,ACF,0.1481480496877338,0.3006558456678668,0.0036001062744757,0.9063105064204038,0.0185333041008561,4.006836e-08,1.44386655e-11,5.762548e-13,3.078947e-15,5.1701303e-08,0.0001031858,1.0835424e-12,0.99989665,Rndm,0.972,1862,Rndm,Rndm,1
212374773,66,ACF,0.0486110788037876,0.3674058550794827,0.0028013873039357,0.9652619172033604,0.0185333041008561,4.8923448e-09,1.8933558e-11,4.8324217e-10,3.074454e-13,2.2698387e-08,0.00016483803,1.0238039e-10,0.99983513,Rndm,0.974,1863,Rndm,Rndm,1
212374773,66,ACF,0.2592590869535343,0.2024723020480836,0.0026778684138586,0.641217254856997,0.0185333041008561,5.2943424e-08,1.523184e-11,3.0485063e-13,2.9714047e-15,4.5779238e-08,9.542309e-05,6.106885e-13,0.9999044,Rndm,0.96,1864,Rndm,Rndm,1
212374773,66,ACF,0.2083331948733757,0.2474477309948678,0.0026131106328235,0.7665511220656072,0.0185333041008561,1.1445398e-07,6.30038e-11,9.0103863e-13,1.9363756e-14,1.0948587e-07,0.00013209925,1.9946388e-12,0.9998677,Rndm,0.966,1865,Rndm,Rndm,1
212374773,66,ACF,0.1759258090041839,0.2689542436583328,0.0015099116988722,0.9499703354314448,0.0185333041008561,1.0864042e-08,2.029725e-11,4.3532585e-13,2.6398182e-15,2.1542686e-08,0.00010385857,6.055729e-13,0.99989617,Rndm,0.972,1866,Rndm,Rndm,1
212374773,66,ACF,0.2361109541898258,0.2181807382005701,0.0006840975485315,0.5757667784375684,0.0185333041008561,6.339697e-08,4.39289e-11,6.789224e-13,7.234035e-15,3.5833192e-08,0.00011922327,1.6611841e-12,0.9998807,Rndm,0.96,1867,Rndm,Rndm,1
212374773,66,ACF,0.1805554355569256,0.2679594012670722,0.0006829478762072,0.6348376934311943,0.0185333041008561,8.024279e-09,1.4748081e-11,5.673766e-13,2.7239415e-15,1.3864632e-08,0.00018229967,5.486808e-13,0.99981767,Rndm,0.972,1868,Rndm,Rndm,1
212374773,66,ACF,0.2731479666117593,0.1896320519508555,0.0005338240820556,0.5274493583825404,0.0185333041008561,7.400418e-08,2.0780965e-11,2.1364918e-13,1.2677788e-14,2.7464736e-08,8.834907e-05,8.0607754e-13,0.99991155,Rndm,0.96,1869,Rndm,Rndm,1
215359442,80,LS,7.777744654583514,0.2101807978317367,0.2092428956272766,4.59622432074392,0.1261797919869423,1.8200057e-09,7.508642e-06,1.887701e-05,5.835966e-11,3.154269e-13,1.8194703e-10,7.193782e-07,0.99997294,Rndm,0.944,5954,Rndm,Rndm,1
215359442,80,LS,4.006716943270295,0.1117755737039378,0.1063507072262325,5.129743996407139,0.1261797919869423,6.817289e-12,4.1911713e-10,3.175569e-08,5.339257e-16,2.7017595e-17,2.351017e-13,6.175971e-10,1.0,Rndm,0.993997425997426,5955,Rndm,Rndm,1
215359442,80,LS,2.034179371198765,0.0698527326624587,0.069673965584933,5.333659433209661,0.1261797919869423,4.764872e-10,1.942284e-07,5.2935834e-06,5.476855e-12,1.8562788e-16,7.286062e-13,7.708478e-11,0.9999945,Rndm,0.995997425997426,5956,Rndm,Rndm,1
215359442,80,LS,1.1398418890337902,0.0548611218153875,0.0547075225627763,6.464319350049195,0.1261797919869423,3.5004544e-10,1.793566e-08,0.00020538468,4.7450524e-12,3.2928230000000004e-17,5.46429e-13,1.09934234e-07,0.99979454,Rndm,0.997997425997426,5957,Rndm,Rndm,1
215359442,80,LS,1.5740673705704724,0.0503399414628808,0.0495156921602261,5.05888902687731,0.1261797919869423,8.120972e-11,8.139283e-08,1.8245711e-07,4.522541e-13,3.1883104e-17,2.0724508e-13,3.4287878e-10,0.99999964,Rndm,0.991997425997426,5958,Rndm,Rndm,1
215359442,80,LS,3.2249185153151148,0.0497835075732527,0.0410840127850851,3.869996516736073,0.1261797919869423,3.3075205e-09,1.2162937e-08,0.0027136211,3.336456e-10,4.3395856e-16,3.4091569e-12,5.3034637e-07,0.99728584,Rndm,0.9673307593307594,5959,Rndm,Rndm,1
215359442,80,LS,5.085448427996912,0.0913989261872545,0.0407389177210143,3.02964187823177,0.1261797919869423,1.1215595e-08,1.5956613e-07,0.00012683349,4.1747213e-11,3.015009e-14,1.9122228e-12,1.1250253e-09,0.99987304,Rndm,0.997997425997426,5960,Rndm,Rndm,1
215359442,80,LS,1.283705428426405,0.037902333714829,0.0360778285249895,9.261194214272734,0.1261797919869423,2.7007645e-09,4.231545e-08,7.6743425e-05,1.3380965e-11,1.4800756e-15,1.5938816e-12,2.8514062e-09,0.9999232,Rndm,0.995997425997426,5961,Rndm,Rndm,1
215359442,80,LS,2.698401206692239,0.0497172648131599,0.0324043107453067,3.981135403715392,0.1261797919869423,1.1327946e-10,5.9495444e-09,3.254878e-05,1.6069246e-13,5.3108655000000003e-17,1.7236597e-13,1.1583257e-07,0.99996734,Rndm,0.995997425997426,5962,Rndm,Rndm,1
215359442,80,LS,0.9794196972438496,0.0347069942799817,0.0308074119493955,5.184408420091302,0.1261797919869423,6.728143e-08,2.3320342e-07,2.8445194e-05,5.154527e-11,9.67591e-16,2.575659e-12,7.434212e-10,0.9999713,Rndm,0.999997425997426,5963,Rndm,Rndm,1
215359442,80,LS,0.8933895887021599,0.0264799992568345,0.0199397077887505,8.349995845989383,0.1261797919869423,5.0987253e-10,1.4887905e-08,2.8436781e-07,2.7720788e-12,1.07573595e-16,4.451025e-13,1.847035e-09,0.99999976,Rndm,0.995997425997426,5964,Rndm,Rndm,1
215359442,80,LS,0.7965160188428896,0.0247698412261467,0.0195676948371919,4.034769533783589,0.1261797919869423,2.9099972e-10,9.435309e-08,1.775551e-06,9.689298e-13,2.8394073e-17,5.876027e-13,2.2587131e-10,0.9999981,Rndm,0.999997425997426,5965,Rndm,Rndm,1
215359442,80,LS,0.7147116709617278,0.0140909200333972,0.0102026488935945,3.767456477277364,0.1261797919869423,2.3524105e-08,2.2975357e-08,1.2460088e-06,5.053829e-12,5.038486e-16,8.895917e-13,7.0030856e-11,0.9999987,Rndm,0.998,5966,Rndm,Rndm,1
215359442,80,LS,0.6266429342555434,0.0110162378652784,0.0090302432361164,4.252780445397065,0.1261797919869423,6.149842e-10,2.9036471e-08,6.828662e-05,7.7044066e-11,1.5947493e-16,3.9251137e-12,9.419416e-08,0.9999316,Rndm,1.0,5967,Rndm,Rndm,1
215359442,80,LS,0.574876778817042,0.0107853350464727,0.0087583018110627,4.297626293623665,0.1261797919869423,4.418891e-09,4.8462795e-07,1.3310229e-06,2.9894592e-12,6.790993e-17,2.3328208e-12,1.9629356e-10,0.9999982,Rndm,0.996,5968,Rndm,Rndm,1
215359442,80,LS,1.69514947599897,0.0294354729432243,0.0074092225644857,2.2532195416398366,0.1261797919869423,2.4092108e-09,2.8788865e-09,5.0232698e-06,5.0463258e-12,2.0742454000000002e-16,7.043616e-13,1.0774252e-08,0.999995,Rndm,0.995997425997426,5969,Rndm,Rndm,1
215359442,80,LS,0.6677861572117155,0.0107957005126042,0.007173616337142,3.815346044210372,0.1261797919869423,8.0305934e-10,3.965294e-09,1.7286625e-06,9.737765e-13,3.1156627000000003e-16,2.2476522e-13,2.1052127e-09,0.9999982,Rndm,1.0,5970,Rndm,Rndm,1
215359442,80,LS,0.7386684867481544,0.0117186572770963,0.005111174142325,2.735282268165065,0.1261797919869423,4.659431e-10,7.567942e-09,1.3960833e-07,3.4779874e-12,4.9557220000000006e-17,1.1609473e-12,7.45948e-10,0.9999999,Rndm,0.995997425997426,5971,Rndm,Rndm,1
215359442,80,LS,0.9377422633185792,0.0134699552083096,0.0037008312812438,2.097396955255874,0.1261797919869423,8.720342e-10,6.9474716e-08,1.824394e-05,4.3164166e-12,3.2727892e-16,6.5633187e-13,2.590496e-08,0.99998164,Rndm,0.999997425997426,5972,Rndm,Rndm,1
215359442,80,LS,0.7687305763251143,0.0110161571009005,0.0029493494122697,2.236062476246559,0.1261797919869423,9.30872e-09,2.2581707e-08,0.00044395195,9.528592e-10,1.2835569e-15,1.0706616e-11,1.1746863e-06,0.9995548,Rndm,0.999997425997426,5973,Rndm,Rndm,1
215359442,80,LS,1.0249741017668192,0.0193118820990856,0.0025969975847535,1.6175554128762428,0.1261797919869423,2.3883218e-09,8.4898495e-08,4.2581996e-07,2.7152174e-12,3.812606e-16,3.1951848e-12,8.81133e-11,0.9999994,Rndm,0.995997425997426,5974,Rndm,Rndm,1
215359442,80,LS,0.8641938505092788,0.0190584665430515,0.0016243482860189,1.4546628170913607,0.1261797919869423,2.2853512e-09,5.405382e-10,4.058456e-05,6.924735e-12,3.1774996000000004e-16,4.8686267e-13,8.0418394e-10,0.99995947,Rndm,0.999997425997426,5975,Rndm,Rndm,1
215359442,80,LS,1.191186118269547,0.027133490562259,0.0006161544299935,0.6261563806608734,0.1261797919869423,8.088751e-09,2.3968738e-10,0.00057006563,7.3356675e-11,5.894361e-16,6.83764e-13,1.2804666e-08,0.9994299,Rndm,0.929997425997426,5976,Rndm,Rndm,1
221179645,66,LS,6.296232810992477,0.0824203975812953,0.0754604867330848,3.927012268814691,1.06071338057518,7.6119363e-06,0.00078172714,3.594499e-14,1.5282539e-23,1.2926168e-07,0.050770108,3.9450725e-15,0.9484405,Rndm,0.988,2126,Rndm,Rndm,1
221179645,66,LS,8.394977081323304,0.0783894285973618,0.0531957767308812,2.829927296852499,1.06071338057518,3.8652263e-07,1.6337058e-06,3.9032053e-13,3.1090714e-20,1.5348285e-06,0.00029810518,3.167954e-14,0.9996984,Rndm,0.998,2127,Rndm,Rndm,1
221179645,66,LS,4.062085684511277,0.0237932009923977,0.0223794186603284,3.944708799618173,1.06071338057518,8.175763e-09,2.2719272e-08,1.4000271e-16,5.4707226e-23,3.0881168e-07,0.0014734204,3.0889758e-15,0.9985262,Rndm,0.999997425997426,2128,Rndm,Rndm,1
221179645,66,LS,2.5184931243969912,0.0124913459774484,0.0120647568466228,4.298453426091925,1.06071338057518,2.6276155e-07,6.100394e-09,5.4848616000000004e-17,1.5853083e-21,2.9401997e-06,0.0036667371,1.2630583e-16,0.9963301,Rndm,0.999997425997426,2129,Rndm,Rndm,1
221179645,66,LS,3.1481164054962387,0.0140617772278878,0.010624245730399,4.182376403488682,1.06071338057518,2.3078406e-09,6.356181e-08,1.412095e-17,6.0290986e-24,4.1983593e-08,0.0155318305,2.0842045000000002e-17,0.98446804,Rndm,0.999997425997426,2130,Rndm,Rndm,1
298367219,65,LS,4.433354181994283,0.0249540721315261,0.0202777992780339,4.303534003978303,0.0177387869916856,0.055472206,1.0863735e-07,1.00710764e-07,2.8578697e-06,0.00473978,0.37054425,3.0779847e-06,0.5692376,Rndm,0.57,1326,Rndm,Rndm,1
298367219,65,LS,2.7949406799529184,0.015798909392067,0.015646168344715,4.113243639569092,0.0177387869916856,0.0016443472,8.014354e-08,1.5003884e-08,6.613007e-08,0.0004905055,0.24982546,1.7237943e-07,0.74803925,Rndm,0.836,1327,Rndm,Rndm,1
298367219,65,ACF,0.1898191942518678,0.1088965756955753,0.0393792038449165,2.0546690855325807,0.0177387869916856,1.46085185e-05,7.621305e-11,6.7657113e-12,2.2755365e-13,2.0127598e-05,0.00010579489,2.77959e-11,0.99985945,Rndm,0.974,1328,Rndm,Rndm,1
298367219,65,ACF,0.2800990549326343,0.0917766941087399,0.0365216774839724,1.5636562210825815,0.0177387869916856,4.3537795e-05,1.173306e-10,1.3835944e-11,6.615929e-13,4.29136e-05,0.00013640139,4.4298672e-11,0.99977726,Rndm,0.96,1329,Rndm,Rndm,1
298367219,65,ACF,0.1342623569098577,0.108717132769937,0.0360743225794547,1.6268085101334009,0.0177387869916856,1.8437848e-05,3.4675332e-11,6.960975e-12,9.545288e-14,4.476317e-05,5.417846e-05,1.9936199e-11,0.9998826,Rndm,0.976,1330,Rndm,Rndm,1
298367219,65,ACF,0.2013935353647866,0.0942159314499829,0.0344755269660677,4.229049013433439,0.0177387869916856,3.866501e-05,1.0257314e-10,1.2210629e-11,9.648203e-13,2.8475713e-05,0.00026346845,1.1864291e-10,0.99966943,Rndm,0.976,1331,Rndm,Rndm,1
298367219,65,ACF,0.0486122326742588,0.1270069283809921,0.0337636035706127,2.6366092049735315,0.0177387869916856,2.7577903e-07,3.3430196e-11,2.367042e-10,4.2354745e-13,2.1846472e-06,0.00029346943,7.979787e-11,0.99970394,Rndm,0.974,1332,Rndm,Rndm,1
298367219,65,ACF,0.4884371949651722,0.0605087795706189,0.0329843171611185,1.1584617779855932,0.0177387869916856,2.7904622e-05,1.1335741e-10,5.7885892e-12,2.647419e-13,3.601943e-05,7.4361604e-05,5.7524804e-11,0.9998617,Rndm,0.96,1333,Rndm,Rndm,1
298367219,65,ACF,0.3796383885037357,0.0766152291415968,0.032933457586564,2.779120825484739,0.0177387869916856,5.1502215e-05,2.0905074e-10,1.3362892e-11,9.878879e-13,3.0903233e-05,0.00019376935,7.0623195e-11,0.99972385,Rndm,0.96,1334,Rndm,Rndm,1
298367219,65,ACF,0.2685247138197155,0.091150640539802,0.0315766030476795,1.185966393831066,0.0177387869916856,0.00016096691,2.4915894e-10,3.0394066e-11,1.224443e-12,0.00011760316,0.00011026574,1.1286908e-10,0.9996112,Rndm,0.964,1335,Rndm,Rndm,1
298367219,65,ACF,0.4560290398489997,0.0594362649126293,0.0312997918558335,1.5758163364451434,0.0177387869916856,4.7751648e-05,1.2457085e-10,4.4232612e-12,1.6410464e-13,3.4307734e-05,5.318644e-05,2.912034e-11,0.9998648,Rndm,0.96,1336,Rndm,Rndm,1
298367219,65,ACF,0.0254635504484213,0.1248823281771943,0.0289939232886909,1.1309936353449874,0.0177387869916856,1.05642705e-07,1.4215848e-09,2.3232234e-07,3.4486514e-10,2.1960425e-06,0.0019993642,6.032232e-09,0.99799806,Rndm,0.974,1337,Rndm,Rndm,1
298367219,65,ACF,0.2222273493680404,0.0891212613525159,0.027244524629872,1.6680651680512426,0.0177387869916856,5.704739e-05,2.644567e-10,4.1983347e-11,1.3429996e-12,5.0979816e-05,0.00021504486,4.5895333e-11,0.99967694,Rndm,0.96,1338,Rndm,Rndm,1
298367219,65,ACF,0.1666705120260303,0.0957155522825756,0.0255514912595086,3.1830034726312846,0.0177387869916856,1.7912598e-05,1.0928453e-10,1.4441545e-11,2.1879949e-13,1.7484808e-05,0.00012025956,3.409915e-11,0.9998443,Rndm,0.978,1339,Rndm,Rndm,1
298367219,65,ACF,0.386582993171487,0.0710910764464504,0.0234058852002528,1.453670941051115,0.0177387869916856,0.000604188,3.6673153e-10,5.7985415e-11,4.516992e-12,0.00022148478,0.00013158166,3.118174e-10,0.9990427,Rndm,0.948,1340,Rndm,Rndm,1
298367219,65,ACF,0.0995393335711014,0.0997355520229451,0.021693807289879,2.322291911128609,0.0177387869916856,0.00030355205,2.3684423e-09,2.9265648e-10,2.4810527e-11,0.00013964398,0.0005433935,1.0332836e-09,0.9990134,Rndm,0.974,1341,Rndm,Rndm,1
298367219,65,ACF,0.0324081551161725,0.1238459417256977,0.0205109954752125,3.594379657477109,0.0177387869916856,3.157898e-11,9.061969e-15,1.1939065e-08,1.2767848e-11,1.0066092e-09,0.2847403,1.4697147e-09,0.71525973,Rndm,0.908,1342,Rndm,Rndm,1
298367219,65,ACF,0.3171369464939744,0.0780664754312552,0.0203149633456906,2.7160479248354648,0.0177387869916856,5.032325e-05,7.637722e-11,6.3399984e-12,2.7946907e-13,5.04262e-05,8.340902e-05,3.7268535e-11,0.9998159,Rndm,0.96,1343,Rndm,Rndm,1
298367219,65,ACF,0.0648163102323451,0.1168361930529856,0.0190334631974326,1.9432285408810688,0.0177387869916856,9.87693e-06,1.188375e-10,1.759389e-10,7.5193205e-13,2.4176044e-05,5.7774778e-05,1.6589706e-10,0.9999081,Rndm,0.968,1344,Rndm,Rndm,1
298367219,65,ACF,0.4074168071747408,0.060669067411096,0.018453574450143,2.0595481848050667,0.0177387869916856,0.00011421241,3.3074446e-11,2.4727893e-12,1.5636842e-13,0.000107076325,3.3091015e-05,3.631291e-11,0.99974555,Rndm,0.96,1345,Rndm,Rndm,1
298367219,65,ACF,0.1111136746840202,0.0989619844354004,0.0184410375014227,3.241734557966197,0.0177387869916856,2.7518597e-06,1.3786524e-11,1.062339e-11,8.4859156e-14,1.0740111e-05,7.011953e-05,1.0027529e-11,0.99991643,Rndm,0.972,1346,Rndm,Rndm,1
298367219,65,ACF,0.4351952258457459,0.0569465448695901,0.0183504015433619,2.1561686816488645,0.0177387869916856,3.5010486e-05,8.609241e-11,1.6366901e-11,3.2274457e-13,9.929249e-05,5.822677e-05,2.3744215e-11,0.9998074,Rndm,0.958,1347,Rndm,Rndm,1
298367219,65,ACF,0.1527813026905278,0.0965179258858083,0.0175425071130331,2.5919454875984727,0.0177387869916856,2.9494535e-05,2.2269193e-10,3.174835e-11,1.3400393e-12,8.002405e-05,0.00021529359,5.5341554e-11,0.99967515,Rndm,0.974,1348,Rndm,Rndm,1
298367219,65,ACF,0.2361165587035429,0.0798945025406202,0.0170479184344043,4.141269014395505,0.0177387869916856,5.7807265e-05,3.5821993e-10,1.9652686e-11,2.7679744e-12,7.881915e-05,0.0001590318,1.9129964e-10,0.9997044,Rndm,0.958,1349,Rndm,Rndm,1
298367219,65,ACF,0.2129678764777054,0.0855393048290379,0.017031079748666,1.3472400336135737,0.0177387869916856,0.0032363213,2.6664826e-09,1.5878834e-09,1.0358517e-10,0.0014824889,0.0007209529,2.5787317e-09,0.9945602,Rndm,0.964,1350,Rndm,Rndm,1
298367219,65,ACF,0.0763906513452639,0.1122844446289967,0.0164528326862263,1.6452984742447647,0.0177387869916856,1.9564966e-05,1.2151864e-10,3.0771976e-12,2.992145e-13,2.2127555e-05,0.00010118195,2.7519568e-11,0.99985707,Rndm,0.978,1351,Rndm,Rndm,1
298367219,65,ACF,0.1388920933550252,0.1002299345879798,0.0162836067689253,1.34169325581869,0.0177387869916856,3.9284398e-05,6.0926084e-11,1.396938e-11,1.8377625e-13,5.2965515e-05,4.6336827e-05,4.2649433e-11,0.99986136,Rndm,0.976,1352,Rndm,Rndm,1
298367219,65,ACF,0.3726937838359845,0.0665486560591282,0.0154398356058502,3.0086456446807404,0.0177387869916856,2.2944545e-05,4.4081194e-11,6.3174917e-12,1.6128018e-13,3.7981164e-05,9.745504e-05,1.23224235e-11,0.9998416,Rndm,0.96,1353,Rndm,Rndm,1
298367219,65,ACF,0.0902798606807664,0.1066393315703506,0.0150089214097497,2.4777403682772885,0.0177387869916856,1.29847795e-05,2.5305827e-10,4.3829235e-11,1.7283244e-12,1.5092172e-05,0.0003768692,1.4647286e-10,0.999595,Rndm,0.976,1354,Rndm,Rndm,1
298367219,65,ACF,0.2916733960455531,0.0769214394922418,0.0143750968167799,2.859133417557018,0.0177387869916856,0.0001611497,1.9323007e-10,6.5088646e-12,9.394309e-13,5.842904e-05,6.814227e-05,6.8609535e-11,0.9997123,Rndm,0.964,1355,Rndm,Rndm,1
298367219,65,ACF,0.3541748380553144,0.0686873007513425,0.0141991921293716,1.5531491029347535,0.0177387869916856,0.00016145308,1.308704e-10,2.7164047e-11,1.9624382e-12,0.0001335806,0.000292856,7.835137e-11,0.9994122,Rndm,0.962,1356,Rndm,Rndm,1
298367219,65,ACF,0.254635504484213,0.0831234985454047,0.0138572657392773,2.8185326021476413,0.0177387869916856,8.99462e-05,3.086743e-10,4.7289086e-11,2.5638775e-12,6.800576e-05,0.00030495948,2.0026256e-10,0.9995371,Rndm,0.962,1357,Rndm,Rndm,1
298367219,65,ACF,0.3055626053810556,0.0767703223957484,0.0137691113475992,0.9524188692520568,0.0177387869916856,0.00010440988,1.9209535e-10,1.7560403e-11,1.6087022e-12,0.00012590562,8.00169e-05,9.570987e-11,0.9996897,Rndm,0.964,1358,Rndm,Rndm,1
298367219,65,ACF,0.2615801091519643,0.0830127488779399,0.0134974085466672,1.92136341149714,0.0177387869916856,0.000121711666,9.609497e-11,4.545582e-11,1.3786345e-12,0.00014189206,0.00015481793,1.3988191e-10,0.99958163,Rndm,0.964,1359,Rndm,Rndm,1
298367219,65,ACF,0.1250028840195227,0.1019085475305242,0.013262892302921,1.3297960083047826,0.0177387869916856,3.4139717e-05,2.356602e-10,4.1224798e-11,3.211495e-12,6.733279e-05,0.00023559328,8.644226e-11,0.9996629,Rndm,0.976,1360,Rndm,Rndm,1
298367219,65,ACF,0.1828745895841166,0.0906025091739805,0.0128900353960858,0.8153379185373666,0.0177387869916856,0.0016581402,8.358215e-10,4.5989987e-10,3.3843154e-11,0.0016291019,0.00042230528,1.1083761e-09,0.99629045,Rndm,0.966,1361,Rndm,Rndm,1
298367219,65,ACF,0.01851894578067,0.1259688760260096,0.0126433647389572,0.946716711201244,0.0177387869916856,1.9148018e-10,1.0216648e-12,3.0710112e-07,1.2087265e-10,7.3088393e-09,0.05813841,1.1816828e-08,0.9418612,Rndm,0.95,1362,Rndm,Rndm,1
298367219,65,ACF,0.2291719540357917,0.0801628913747157,0.0114038874412276,0.8292817361231641,0.0177387869916856,0.0003254217,4.6765664e-10,6.7891665e-11,3.308395e-12,0.00017609142,0.00013823838,4.1816411e-10,0.99936026,Rndm,0.952,1363,Rndm,Rndm,1
298367219,65,ACF,0.0115743411129187,0.1264042296245124,0.0111919346542511,1.867122738506291,0.0177387869916856,0.013268779,4.124229e-05,0.0022416653,0.00019733567,0.014602063,0.01607741,0.0003579391,0.9532135,Rndm,0.934,1364,Rndm,Rndm,1
298367219,65,ACF,0.3263964193843094,0.0759418343660837,0.0108588023025443,2.3704490333421973,0.0177387869916856,4.4748107e-05,1.40586e-10,2.1757192e-11,1.2890087e-12,4.7670554e-05,0.00059582765,1.3669145e-10,0.9993117,Rndm,0.952,1365,Rndm,Rndm,1
298367219,65,ACF,0.3634343109456495,0.0646363214578511,0.0098345560228563,0.8353065909545592,0.0177387869916856,3.3240663e-05,1.1099087e-10,8.283088e-12,7.077807e-13,3.5820318e-05,0.0002546511,6.9568476e-11,0.9996762,Rndm,0.96,1366,Rndm,Rndm,1
298367219,65,ACF,0.1736151166937816,0.0878117991681881,0.009330950330982,2.065607170872184,0.0177387869916856,0.00011997481,2.268159e-10,3.4776442e-11,9.565241e-13,6.566458e-05,0.00014052824,1.2466828e-10,0.99967384,Rndm,0.982,1367,Rndm,Rndm,1
298367219,65,ACF,0.1620407755808628,0.0928801146173289,0.0091987989178295,0.6968689851551346,0.0177387869916856,3.5398323e-05,1.9222868e-10,1.915515e-11,9.455318e-13,2.763998e-05,0.000118162556,1.1100078e-10,0.99981886,Rndm,0.978,1368,Rndm,Rndm,1
298367219,65,ACF,0.2870436596003856,0.0819685707985327,0.0091283889939069,1.0209798175108205,0.0177387869916856,4.817833e-05,5.032474e-11,5.9462704e-12,3.1832875e-13,6.665796e-05,0.00013100325,7.920049e-11,0.99975413,Rndm,0.96,1369,Rndm,Rndm,1
298367219,65,ACF,0.3379707604972282,0.0693230163838215,0.0089644081355636,1.0531174403390935,0.0177387869916856,4.848833e-05,1.4197507e-10,1.7109193e-11,4.630019e-13,5.669871e-05,7.256601e-05,9.976854e-11,0.9998222,Rndm,0.96,1370,Rndm,Rndm,1
298367219,65,ACF,0.3426004969423957,0.0681997685190487,0.0086575108445382,3.808392139350019,0.0177387869916856,7.3367344e-05,1.7897625e-10,1.7944169e-11,8.421318e-13,5.2363917e-05,0.000109437504,1.3005545e-10,0.99976486,Rndm,0.962,1371,Rndm,Rndm,1
298367219,65,ACF,0.2175976129228729,0.0835931095125508,0.0081047224122388,0.6687143118049192,0.0177387869916856,1.2225438e-05,1.02212145e-11,6.005039e-13,2.483525e-14,2.9106235e-05,2.8206345e-05,7.800504e-12,0.9999304,Rndm,0.95,1372,Rndm,Rndm,1
298367219,65,ACF,0.2083381400325379,0.0903768466713422,0.0077333293608998,0.6768133699860783,0.0177387869916856,1.1311511e-05,2.042949e-11,2.0970552e-12,1.01573575e-13,1.2378488e-05,7.674168e-05,2.1229135e-11,0.9998995,Rndm,0.966,1373,Rndm,Rndm,1
298367219,65,ACF,0.3912127296166545,0.0665176282505921,0.0076980199766202,1.0145663913436067,0.0177387869916856,0.00017298164,2.2831877e-10,3.6313872e-11,1.3370974e-12,0.00012216177,0.0001426627,1.5278392e-10,0.9995622,Rndm,0.962,1374,Rndm,Rndm,1
298367219,65,ACF,0.0601865737871776,0.1072071208591257,0.0076232887570248,0.9053047536054564,0.0177387869916856,1.9081506e-06,6.8982823e-12,2.2825276e-11,1.2792968e-13,2.0216758e-05,5.0086313e-05,1.724425e-11,0.99992776,Rndm,0.974,1375,Rndm,Rndm,1
298367219,65,ACF,0.0810203877904314,0.0990447251679099,0.0068620581055173,1.836956587447773,0.0177387869916856,0.0002636472,1.0381376e-09,9.5832876e-11,3.9119936e-12,0.00017845626,0.00018200482,4.058394e-10,0.9993759,Rndm,0.97,1376,Rndm,Rndm,1
298367219,65,ACF,0.2754693184874668,0.0680993771720384,0.0067910709996115,0.7856649253386934,0.0177387869916856,0.00010270172,2.4749894e-10,2.1445772e-11,8.961963e-13,8.7388624e-05,0.00013526846,2.8055619e-11,0.9996747,Rndm,0.962,1377,Rndm,Rndm,1
298367219,65,ACF,0.1435218298001928,0.0967447865701898,0.0061879761615684,0.773013499166936,0.0177387869916856,3.117255e-05,7.664092e-11,3.3927743e-12,3.404383e-13,3.3172248e-05,5.4658216e-05,2.6443889e-11,0.9998809,Rndm,0.976,1378,Rndm,Rndm,1
298367219,65,ACF,0.2500057680390455,0.0828874688548718,0.0058791280275744,0.6399077383542675,0.0177387869916856,1.4547439e-05,1.5551133e-10,1.6877652e-11,8.385278e-13,1.9545312e-05,0.00026708763,4.5176512e-11,0.9996989,Rndm,0.956,1379,Rndm,Rndm,1
298367219,65,ACF,0.4004722025069895,0.0547225715951918,0.0044184545324724,0.6766381527488363,0.0177387869916856,7.609267e-05,2.5656452e-10,1.8676586e-11,3.3097112e-12,9.546763e-05,0.00043287445,2.533405e-10,0.9993956,Rndm,0.962,1380,Rndm,Rndm,1
298367219,65,ACF,0.3495451016101469,0.0680549071051322,0.0038416405792408,0.641582429488011,0.0177387869916856,0.00010920798,3.2633932e-10,2.0071571e-11,1.4948782e-12,3.4138237e-05,0.00014945594,1.8278727e-10,0.99970716,Rndm,0.964,1381,Rndm,Rndm,1
298367219,65,ACF,0.368064047390817,0.0629974245913928,0.0030093455441607,0.6835938688233227,0.0177387869916856,0.00010285772,1.4246944e-10,1.1708574e-11,5.584959e-13,8.6882355e-05,7.871671e-05,7.80497e-11,0.9997315,Rndm,0.962,1382,Rndm,Rndm,1
298367219,65,ACF,0.2963031324907206,0.0732586933687788,0.0024703116053052,0.6258469805580091,0.0177387869916856,0.0002686509,1.9828106e-10,5.075347e-12,8.243126e-13,0.00014007757,9.500304e-05,1.2901681e-10,0.99949634,Rndm,0.96,1383,Rndm,Rndm,1
298367219,65,ACF,0.395842466061822,0.0610926200152481,0.0020550955045441,0.5952447023274203,0.0177387869916856,0.0007763711,1.8283303e-09,4.505299e-10,3.211853e-11,0.0003289644,0.0009461606,4.940596e-10,0.9979486,Rndm,0.95,1384,Rndm,Rndm,1
298367219,65,ACF,0.0555568373420101,0.1071922186936335,0.0017256636595564,0.6134053612284198,0.0177387869916856,8.379826e-10,2.589125e-14,3.6001508e-12,9.973226e-16,6.751442e-08,0.00011739457,8.9109986e-13,0.99988246,Rndm,0.974,1385,Rndm,Rndm,1
298367219,65,ACF,0.1296326204646902,0.0906911177657913,0.001547350485744,0.8782397518545508,0.0177387869916856,1.8737077e-05,1.1244079e-10,2.125383e-11,9.640831e-13,2.7144557e-05,0.00034146747,6.447799e-11,0.9996126,Rndm,0.978,1386,Rndm,Rndm,1
