TIC,Type,per_vsx,vsx_token,expected_class,vis_multi,vis_notes
4030832,BCEP,0.1867509,BCEP,,False,
11999540,DSCT|GDOR|SXPHE,2.58931,DSCT,DST,False,
12673900,E,1.91022,E,E,False,
13418870,E,12.3516,E,E,False,
14212879,E,1.23538,E,E,False,
14842608,E/GS,4.8126,E,E,False,quizas mal extraccion pero se ve el per
42244951,EB,4.2846028,EB,E,False,
55003265,E,1.66024,E,E,False,
55839455,BCEP,0.2106475,BCEP,,False,
56023695,EA,8.178,EA,E,False,mal phot pero good per
58830498,BCEP,0.117493,BCEP,,False,
60433558,EA+BCEP,10.79824,EA,E,True,
63970987,E,1.49142,E,E,False,
63971857,ELL,1.50873,ELL,ELL,False,
72285450,DCEPS,3.088,DCEPS,CEP,False,
76734245,DCEP,1.49512,DCEP,CEP,False,
78887878,EC|ESD,1.8542,EC,E,False,
81821733,E,4.93638,E,E,False,
81972427,VAR,1.80786,VAR,,False,maybe ELL
83138543,EB,6.107295,EB,E,False,
83624907,VAR,1.93684,VAR,,False,
84342725,EA+BCEP,2.6983845,EA,E,False,
86299451,EB,2.2541,EB,E,False,
87014767,EA,5.6866,EA,E,False,
87926550,EB/DM,1.95669202,EB,E,False,mala extraccion pero se ve el per
89593348,EA,12.072,EA,E,False,
89761288,EB/SD,6.5197162,EB,E,False,se ve el per pero rara
91701376,BCEP,0.84917,BCEP,,False,es ELL con este periodo
95624763,BCEP,0.1824448,BCEP,,False,
101706896,EB/KE:,1.621924,EB,E,False,
105517114,BCEP,0.22434,BCEP,,False,
106407886,EB,2.48599,EB,E,False,
112812656,BCEP,0.2073088,BCEP,,False,
114970688,EB:,4.0161,EB,E,False,
115730751,HB,8.8617,HB,,False,fuera de la taxonomia
116066367,E,1.48763,E,E,False,
116995588,E,1.47603,E,E,False,
119207375,PULS,0.8849,PULS,,False,
120801170,E,1.63527,E,E,False,
127977898,EA,2.69894,EA,E,False,
128565725,ELL,1.0189569,ELL,ELL,True,3 systems?
130212230,BCEP,0.145602,BCEP,,False,
136719100,CWB:,1.7659,CWB,CEP,True,
137276004,DSCT|GDOR|SXPHE,3.79129,DSCT,DST,False,
139600098,VAR,1.05876,VAR,,True,No entiendo esta curva
139783833,ESD,5.9844,ESD,E,False,
140091538,DCEP,5.516724,DCEP,CEP,False,
141292310,BCEP,0.220007,BCEP,,False,pocos puntos
141457686,DCEPS,4.6441,DCEPS,CEP,False,
141497319,ELL,2.80945,ELL,ELL,False,
145408079,DCEP,5.4647817,DCEP,CEP,False,
148660950,ESD,2.2496,ESD,E,False,
153241515,BCEP,0.151164,BCEP,,False,pocos puntos
154678848,EA,5.4166,EA,E,False,
155215560,DSCT|GDOR|SXPHE,8.2815,DSCT,DST,True,
155286121,EA,2.005,EA,E,False,3 system?
155530282,BCEP,0.1819331,BCEP,,False,
160966399,EA,4.700102,EA,E,False,
161714192,BCEP,0.220421,BCEP,,True,
170150046,ESD|ED,2.3709,ESD,E,False,
175048236,E,1.77816,E,E,False,
175728634,EA,3.32423,EA,E,True,
176423372,ELL,2.93023,ELL,ELL,True,
180730928,EA,1.13492,EA,E,False,
180964518,DSCT|GDOR|SXPHE,3.96773,DSCT,DST,False,
182936762,EA,9.3535,EA,E,False,
189561605,BCEP,0.210526,BCEP,,False,
192116218,ESD,4.58239,ESD,E,False,
195979113,MISC,3.7498657,MISC,,False,
196868223,ESD,5.474192,ESD,E,False,
196873474,EB,5.206898,EB,E,True,
202445608,EA/KE,3.36824,EA,E,False,
203856936,ESD,4.3324,ESD,E,True,
207161872,DCEPS,3.786008,DCEPS,CEP,False,
207505006,DSCT|GDOR|SXPHE,0.305577,DSCT,DST,True,
212373097,EA,5.15447,EA,E,False,
216151248,BCEP,0.1800941,BCEP,,False,
218709969,DSCT|GDOR|SXPHE,4.1439,DSCT,DST,True,
220082557,EA,2.257188,EA,E,False,
224802820,BCEP,0.144921,BCEP,,False,
227743418,ESD,4.02474,ESD,E,False,
231985748,DPV/EA,8.53295,DPV,,False,
233823777,SPB,3.76619,SPB,,False,
234068267,BCEP,0.178633,BCEP,,False,
234644092,BCEP,0.202068,BCEP,,False,
235518467,BCEP,0.1660628,BCEP,,False,
235781277,CWA,10.411,CWA,CEP,False,
236068511,ED,2.146028,ED,E,False,
236409173,BCEP,0.2242077,BCEP,,False,
236838052,BCEP,0.1817808,BCEP,,False,
245465292,DSCT|GDOR|SXPHE,5.9167,DSCT,DST,False,
246047409,BCEP,0.1775968,BCEP,,False,
247066241,BCEP,0.1657833,BCEP,,False,
247264964,BCEP,0.10794,BCEP,,False,
247315421,EA,3.9207,EA,E,False,
248275346,BCEP,0.1428561,BCEP,,False,
251230392,ELL,1.8596,ELL,ELL,False,
251304698,DPV/ELL,10.5856,DPV,,True,
251384128,EA,5.4551,EA,E,False,
251684704,DSCT|GDOR|SXPHE,2.41164,DSCT,DST,True,
256421798,EB,2.00678,EB,E,False,
256608717,E,2.51134,E,E,False,
262113065,DSCT|GDOR|SXPHE,1.49277,DSCT,DST,False,
262859209,DCEPS(B),0.631355,DCEPS,CEP,False,
263335853,EB,3.0115,EB,E,False,
263422831,BCEP,0.245744,BCEP,,False,pulsacional noisy
264731958,BCEP,0.212227,BCEP,,True,
264804453,E,1.4307,E,E,False,
264998628,VAR,0.66391,VAR,,True,
265298333,BCEP,0.1147205,BCEP,,False,
266265296,E,2.05161,E,E,False,
268939674,EW,0.42765,EW,E,False,
269228211,EW,0.936247,EW,E,False,
269818126,EB,3.3593,EB,E,False,
271443727,MISC,4.3711042,MISC,,False,
272539879,EB/DM,2.1420716,EB,E,False,
272625912,DSCT|GDOR|SXPHE,0.302557,DSCT,DST,False,
272833115,E,2.81396,E,E,True,
274076553,E,4.25873,E,E,False,
278076037,EB,1.23372,EB,E,True,
279188128,DSCT|GDOR|SXPHE,0.75617,DSCT,DST,False,
280287051,DCEP,7.13357,DCEP,CEP,True,
281643864,BCEP,0.207971,BCEP,,False,
282737511,DSCT|GDOR|SXPHE,0.31102,DSCT,DST,False,
283839379,EA,3.862168,EA,E,False,
285235783,DCEP,4.501697,DCEP,CEP,False,
296564787,ED,2.3153,ED,E,False,
297348512,BCEP,0.1455969,BCEP,,False,
303875170,EA/KE:,3.216917,EA,E,False,
304015004,EB/DM,2.757717,EB,E,True,
304844648,CWB,1.63959,CWB,CEP,False,
304943076,BCEP,0.212214,BCEP,,False,
312630206,BCEP,0.1643477,BCEP,,False,
313399930,BCEP,0.1512293,BCEP,,False,
313446637,DSCT|GDOR|SXPHE,1.49204,DSCT,DST,False,
314035434,E,5.347,E,E,False,
314150303,BCEP,0.367366,BCEP,,False,
314393072,BCEP,0.231447,BCEP,,False,
314406170,ED,2.527596,ED,E,False,
314951512,DCEP,5.44095,DCEP,CEP,False,
315291647,EB,1.51853,EB,E,False,
315506577,DSCT|GDOR|SXPHE,0.218226,DSCT,DST,False,
315955586,BCEP,0.161948,BCEP,,False,
316144493,BCEP,0.214806,BCEP,,False,
317035155,EA,4.1233,EA,E,False,
317162870,E,1.08399,E,E,False,
317642317,EB/KE,1.38728653,EB,E,False,
318670307,BCEP,0.16848,BCEP,,False,
319376730,BCEP,0.1533598,BCEP,,False,
319753914,EC|ESD,1.46976,EC,E,False,
319936228,EA,9.64645,EA,E,True,
319936471,EB+GCAS,1.002591,EB,E,False,
321945301,EA,0.8921687,EA,E,False,
328877031,DSCT|GDOR|SXPHE,7.8484,DSCT,DST,False,
328898847,DCEP,2.987715,DCEP,CEP,False,
331224359,DCEP,5.331908,DCEP,CEP,False,
331384932,EA,8.46505,EA,E,False,
334289143,ESD|ED,4.2832,ESD,E,False,
336964059,EA,4.49244,EA,E,True,
337170641,EA,1.514807,EA,E,False,
338426149,EA,3.18867,EA,E,False,
338739426,EA,1.424447,EA,E,False,
339563367,EA,1.317716,EA,E,False,
339564202,EA+HB+SPB:,5.60412,EA,E,False,Hearbeats? 1 solo ecl
339566276,EA,4.2403,EA,E,True,
339568071,EA/DM,2.440656,EA,E,True,
339570153,EA,6.3495,EA,E,False,
339573009,EA/KE,2.15767,EA,E,True,
339680552,ESD|ED,1.63204,ESD,E,False,
341515540,DSCT|GDOR|SXPHE,0.0782857,DSCT,DST,False,
342694097,EA,4.34119,EA,E,False,
342758031,DSCT,0.16728,DSCT,DST,False,
343119937,EB/KE,1.1428498,EB,E,False,
343661464,ELL,2.11098,ELL,ELL,False,
343878276,DSCT|GDOR|SXPHE,5.2807,DSCT,DST,True,
346010525,E,2.65865,E,E,True,
347306762,EA,4.063704,EA,E,True,
347486792,BCEP,0.1980419,BCEP,,False,
348231507,EA,1.73288182,EA,E,False,
348506791,BCEP,0.217257,BCEP,,False,
349120591,ACV:,4.617,ACV,,False,
353491274,E,3.40745,E,E,False,
358347559,BCEP,0.175064,BCEP,,False,
360371656,BCEP,0.212889,BCEP,,False,
361324132,BCEP,0.1522501,BCEP,,False,
367691816,EA,2.0217,EA,E,False,
372115762,BCEP,0.1903576,BCEP,,False,
372627092,BCEP,0.225097,BCEP,,False,
372724062,ELL,1.48664,ELL,ELL,True,
373003716,DSCT|GDOR|SXPHE,1.317,DSCT,DST,False,
373702832,EA,4.03385,EA,E,False,
374982274,BCEP,0.20414,BCEP,,False,
376749374,BCEP,0.160458,BCEP,,False,
377900979,EB,2.59908,EB,E,False,
378061933,ACV|DCEP-FO,3.620279,ACV,,True,
378290594,BCEP,0.172414,BCEP,,False,
378373750,BCEP:,0.1648,BCEP,,False,
378429048,BCEP,0.1532459,BCEP,,False,
378726058,BCEP,0.244185,BCEP,,False,
379012185,EB,4.747,EB,E,True,
379012444,SPB,1.1348,SPB,,False,
380435021,BCEP,0.1171995,BCEP,,False,
380733445,BCEP,0.142149,BCEP,,False,
384533802,VAR,0.19372,VAR,,False,
384812248,EB/DM,3.368753,EB,E,False,
388112818,SPB:,3.4376,SPB,,True,multiperiodica pero se ve el periodo dom
389531769,EB,2.3727,EB,E,False,
389538282,E,6.339,E,E,True,
390393750,EA/DM,3.4132987,EA,E,False,
390408482,EB/DM,2.92687,EB,E,True,
390542554,DCEP(B),2.87598,DCEP,CEP,False,
390596947,EW:,0.317968,EW,E,False,
391082033,BCEP,0.106423,BCEP,,False,
391414157,E,1.83518,E,E,False,
399354108,EB,6.161,EB,E,False,
402016727,EB/DM,1.992321,EB,E,True,
406965391,EA,1.84628,EA,E,False,
406966772,ELL,1.41061,ELL,ELL,True,
408937625,EA/DM:,4.0656497,EA,E,True,
409112742,EB,1.996,EB,E,False,
410492272,BCEP,0.2104922,BCEP,,False,
410522328,EB,1.4957396,EB,E,True,
411043004,EW/KE,0.806187,EW,E,False,
413530267,EA/KE:,6.791,EA,E,False,
414106069,EA,2.63743,EA,E,False,
415165528,VAR,1.80437,VAR,,False,
419921689,DCEP,4.864453,DCEP,CEP,False,
420295471,EA,1.4037308,EA,E,False,
421084921,CEP,3.63975019,CEP,CEP,True,
424048289,SXARI/E,0.770153,SXARI,,False,
426256249,E,7.847,E,E,False,
428008896,DSCT|GDOR|SXPHE,3.62399,DSCT,DST,False,
429863444,DSCT,0.14037,DSCT,DST,False,
429864788,EA,4.2812,EA,E,False,
430296386,DCEP,4.323776,DCEP,CEP,False,
433382888,BCEP,0.184661,BCEP,,False,
433838033,BCEP,0.240742,BCEP,,False,
435102199,EA,2.04388,EA,E,False,
435361808,E,1.47675,E,E,True,
436077712,BCEP,0.212974,BCEP,,False,
436240475,BCEP,0.1534503,BCEP,,False,
438357427,BCEP,0.236403,BCEP,,False,
439168784,BCEP,0.189127,BCEP,,False,
439173767,EB/KE:,1.8759517,EB,E,True,
439665110,EA,10.6033,EA,E,True,
439670072,EA,5.97872,EA,E,True,
443397649,EA/SD,2.853001,EA,E,False,
444762019,EA,6.68275,EA,E,False,
445256790,BCEP,0.1671728,BCEP,,False,
445542388,DSCT|GDOR|SXPHE,1.36234,DSCT,DST,True,
445625389,E,1.7881,E,E,False,
448594570,BCEP,0.1996795,BCEP,,False,
448970102,DSCT|GDOR|SXPHE,0.77343,DSCT,DST,True,
449517017,EB/KE,1.495093,EB,E,False,
450463355,DCEPS,2.305935,DCEPS,CEP,False,
452097145,ESD,4.0093,ESD,E,False,
452107356,BCEP,0.1335493,BCEP,,False,
452335793,EA/DM,2.2508645,EA,E,False,
453309830,E,1.3938,E,E,False,
457345960,BCEP,0.2126401,BCEP,,False,
457346528,EA,2.0453,EA,E,False,
457739634,ELL,3.3977,ELL,ELL,True,
457975502,BCEP,0.168833,BCEP,,False,
457975914,BCEP,0.14575,BCEP,,False,
458076392,BCEP,0.250621,BCEP,,False,
458076434,EA+BCEP,8.32472,EA,E,False,el periodo real eran los 8 dias
458076693,BCEP,0.2274,BCEP,,False,
458404466,ELL,1.29595,ELL,ELL,False,
458438308,BCEP,0.234606,BCEP,,True,
458728948,EA,9.4109,EA,E,False,
458859554,EA,2.15286,EA,E,True,
458875828,EA/DM,2.310952,EA,E,True,
459026773,ELL,1.9018,ELL,ELL,False,
460720215,BCEP,0.135341,BCEP,,False,
460792365,EB,3.67205,EB,E,True,
460864765,DCEP,5.20466,DCEP,CEP,False,
460977279,BCEP,0.230719,BCEP,,False,
462636537,ELL,3.75806,ELL,ELL,False,
463255713,E/SD,7.969388,E,E,False,
464631821,EB,5.562168,EB,E,False,
464635983,EA,7.3546,EA,E,True,
464730621,ELL,2.10883,ELL,ELL,True,
464738620,EA,3.12881,EA,E,False,
465145959,BCEP,0.2078958,BCEP,,True,
465348709,DCEP,4.67461,DCEP,CEP,False,
466156210,BCEP,0.1625394,BCEP,,False,
466300568,ELL,2.3815,ELL,ELL,False,
467023914,BCEP,0.1485792,BCEP,,False,
467051092,EA,5.38294,EA,E,False,
467055341,EA,0.9628,EA,E,False,
467238286,EA/DM,3.41427,EA,E,False,
467279235,ELL,3.93616,ELL,ELL,True,
467283255,BCEP,0.1931032,BCEP,,False,
467448794,BCEP,0.1853522,BCEP,,True,
469857617,EB/DM,1.630486,EB,E,False,
