TIC,class_raw,class_paper,class_tokens,reference,method,period,class_is_inferred,source_table,ra_deg,dec_deg,tic
5051420,SLF+rot,ROT,ROT|SLF,2020A&A...639A..81B (Burssens+ 2020),visual+spectroscopy,1.397624039133473,False,J/A+A/639/A81/table2 x tablea1,,,5051420
10536200,Be=Y; signals=L/F+/G,BE,BE,2022AJ....163..226L (Labadie-Bartz+ 2022),visual,0.8547008547008548,False,J/AJ/163/226/table2,246.9534,-53.53474,10536200
11411724,Be=U (rejected/other); signals=,OTHER,OTHER,2022AJ....163..226L (Labadie-Bartz+ 2022),visual,,False,J/AJ/163/226/table2,85.409923,-2.259013,11411724
11972111,Be=Y; signals=S/I/L,BE,BE,2022AJ....163..226L (Labadie-Bartz+ 2022),visual,,False,J/AJ/163/226/table2,146.34172,-30.20277,11972111
25883580,Be=Y; signals=S/L/F+/G,BE,BE,2022AJ....163..226L (Labadie-Bartz+ 2022),visual,0.9523809523809524,False,J/AJ/163/226/table2,248.68146,-49.55264,25883580
29122883,Be=Y; signals=S/L/F+/G,BE,BE,2022AJ....163..226L (Labadie-Bartz+ 2022),visual,0.4184100418410041,False,J/AJ/163/226/table2,132.64915,-45.54896,29122883
29207816,SLF,SLF,SLF,2020A&A...639A..81B (Burssens+ 2020),visual+spectroscopy,2.0214271275520517,False,J/A+A/639/A81/table2 x tablea1,,,29207816
29690468,Be=Y; signals=S/I+/L/H/G,BE,BE,2022AJ....163..226L (Labadie-Bartz+ 2022),visual,1.351351351351351,False,J/AJ/163/226/table2,133.34172,-46.03575,29690468
30110048,SLF,SLF,SLF,2019ApJ...872L...9P (Pedersen+ 2019),visual+spectroscopy,,False,J/ApJ/872/L9/table1,73.37514,-66.9245,30110048
30110048,ACYG,PULS,PULS,2019MNRAS.485.3457B (Balona+ 2019),visual,,False,J/MNRAS/485/3457/table1,73.37514,-66.9245,30110048
30135331,SLF+SPB?,PULS,PULS|SLF,2020A&A...639A..81B (Burssens+ 2020),visual+spectroscopy,4.25531914893617,False,J/A+A/639/A81/table2 x tablea1,,,30135331
30268695,SLF,SLF,SLF,2019ApJ...872L...9P (Pedersen+ 2019),visual+spectroscopy,,False,J/ApJ/872/L9/table1,74.04357,-69.26064,30268695
30268695,ACYG,PULS,PULS,2019MNRAS.485.3457B (Balona+ 2019),visual,,False,J/MNRAS/485/3457/table1,74.04357,-69.26064,30268695
30317301,EV / rot / SLF,ELL,ELL|ROT|SLF,2019ApJ...872L...9P (Pedersen+ 2019),visual+spectroscopy,,False,J/ApJ/872/L9/table1,74.28357,-68.42008,30317301
30317301,EB,ECL,ECL,2019MNRAS.485.3457B (Balona+ 2019),visual,,False,J/MNRAS/485/3457/table1,74.28357,-68.42008,30317301
30317301,Ambiguous variability/EB/Pulsation,AMBIGUOUS,ECL|PULS,2022ApJ...924....2B (Barraza+ 2022),visual,,False,arXiv:2202.01022 Table 4,74.28357,-68.42008,30317301
30562668,Be=N (rejected/other); signals=,OTHER,OTHER,2022AJ....163..226L (Labadie-Bartz+ 2022),visual,,False,J/AJ/163/226/table2,134.28156,-43.25616,30562668
30653985,SLF,SLF,SLF,2020A&A...639A..81B (Burssens+ 2020),visual+spectroscopy,1.9120458891013383,False,J/A+A/639/A81/table2 x tablea1,134.47757,-47.73769,30653985
30653985,SLF,SLF,SLF,2020A&A...640A..36B (Bowman+ 2020),visual+spectroscopy (SLF morphology fit),,True,J/A+A/640/A36/tablea2,134.47757,-47.73769,30653985
31181554,SLF,SLF,SLF,2019ApJ...872L...9P (Pedersen+ 2019),visual+spectroscopy,,False,J/ApJ/872/L9/table1,76.83509,-68.53571,31181554
31181554,ACYG,PULS,PULS,2019MNRAS.485.3457B (Balona+ 2019),visual,,False,J/MNRAS/485/3457/table1,76.83509,-68.53571,31181554
32667467,Be=Y; signals=S,BE,BE,2022AJ....163..226L (Labadie-Bartz+ 2022),visual,,False,J/AJ/163/226/table2,104.33591,-4.19375,32667467
33287617,Be=Y; signals=G,BE,BE,2022AJ....163..226L (Labadie-Bartz+ 2022),visual,1.2987012987012987,False,J/AJ/163/226/table2,105.84845,-2.74404,33287617
35311214,Be=Y; signals=S/L/F+/G,BE,BE,2022AJ....163..226L (Labadie-Bartz+ 2022),visual,0.4291845493562232,False,J/AJ/163/226/table2,249.84824,-52.53593,35311214
42889751,Be=Y; signals=G,BE,BE,2022AJ....163..226L (Labadie-Bartz+ 2022),visual,1.1764705882352942,False,J/AJ/163/226/table2,97.0941,-4.46214,42889751
43284243,SLF+rot?,ROT,ROT|SLF,2020A&A...639A..81B (Burssens+ 2020),visual+spectroscopy,9.174311926605505,False,J/A+A/639/A81/table2 x tablea1,257.05826,-35.00435,43284243
43284243,SLF,SLF,SLF,2020A&A...640A..36B (Bowman+ 2020),visual+spectroscopy (SLF morphology fit),,True,J/A+A/640/A36/tablea2,257.05826,-35.00435,43284243
48217508,Rotation,ROT,ROT,2025ApJ...989..177C (Campelo+ 2025),visual,2.785,False,"ApJ 989,177 Table 2 (article HTML)",,,48217508
53327951,Be=Y; signals=L/G,BE,BE,2022AJ....163..226L (Labadie-Bartz+ 2022),visual,,False,J/AJ/163/226/table2,100.00659,-4.69874,53327951
81615536,Be=Y; signals=I/L/G,BE,BE,2022AJ....163..226L (Labadie-Bartz+ 2022),visual,,False,J/AJ/163/226/table2,123.4402,-46.57868,81615536
95513457,SLF+SPB?,PULS,PULS|SLF,2020A&A...639A..81B (Burssens+ 2020),visual+spectroscopy,2.0408163265306123,False,J/A+A/639/A81/table2 x tablea1,107.38901,-16.23451,95513457
95513457,SLF,SLF,SLF,2020A&A...640A..36B (Bowman+ 2020),visual+spectroscopy (SLF morphology fit),,True,J/A+A/640/A36/tablea2,107.38901,-16.23451,95513457
121689850,Be=Y; signals=L/G,BE,BE,2022AJ....163..226L (Labadie-Bartz+ 2022),visual,1.1494252873563218,False,J/AJ/163/226/table2,254.98716,-43.22079,121689850
129361218,Ambiguous variability,AMBIGUOUS,AMBIGUOUS,2025ApJ...989..177C (Campelo+ 2025),visual,,False,"ApJ 989,177 Table 7 (article HTML)",,,129361218
140300162,Be=Y; signals=S/L/G,BE,BE,2022AJ....163..226L (Labadie-Bartz+ 2022),visual,1.2345679012345678,False,J/AJ/163/226/table2,126.96036,-50.10002,140300162
148506724,SLF+rot?,ROT,ROT|SLF,2020A&A...639A..81B (Burssens+ 2020),visual+spectroscopy,5.88235294117647,False,J/A+A/639/A81/table2 x tablea1,106.64986,-12.39395,148506724
148506724,SLF,SLF,SLF,2020A&A...640A..36B (Bowman+ 2020),visual+spectroscopy (SLF morphology fit),,True,J/A+A/640/A36/tablea2,106.64986,-12.39395,148506724
152659955,SLF+SPB?,PULS,PULS|SLF,2020A&A...639A..81B (Burssens+ 2020),visual+spectroscopy,4.219409282700422,False,J/A+A/639/A81/table2 x tablea1,259.36254,-35.53667,152659955
152659955,SLF,SLF,SLF,2020A&A...640A..36B (Bowman+ 2020),visual+spectroscopy (SLF morphology fit),,True,J/A+A/640/A36/tablea2,259.36254,-35.53667,152659955
167523976,SPB,PULS,PULS,2019ApJ...872L...9P (Pedersen+ 2019),visual+spectroscopy,,False,J/ApJ/872/L9/table1,100.60144,-65.74263,167523976
167523976,SPB,PULS,PULS,2019MNRAS.485.3457B (Balona+ 2019),visual,,False,J/MNRAS/485/3457/table1,100.60144,-65.74263,167523976
168627067,Be=Y; signals=G,BE,BE,2022AJ....163..226L (Labadie-Bartz+ 2022),visual,0.684931506849315,False,J/AJ/163/226/table2,107.19998,-4.05745,168627067
177204351,Be=Y; signals=S,BE,BE,2022AJ....163..226L (Labadie-Bartz+ 2022),visual,,False,J/AJ/163/226/table2,106.39672,-8.72889,177204351
177717406,SLF,SLF,SLF,2020A&A...639A..81B (Burssens+ 2020),visual+spectroscopy,1.4084507042253522,False,J/A+A/639/A81/table2 x tablea1,,,177717406
177860391,SLF?,SLF,SLF,2020A&A...639A..81B (Burssens+ 2020),visual+spectroscopy,0.998003992015968,False,J/A+A/639/A81/table2 x tablea1,107.53395,-11.80273,177860391
177860391,SLF,SLF,SLF,2020A&A...640A..36B (Bowman+ 2020),visual+spectroscopy (SLF morphology fit),,True,J/A+A/640/A36/tablea2,107.53395,-11.80273,177860391
177860391,Ambiguous variability,AMBIGUOUS,AMBIGUOUS,2025ApJ...989..177C (Campelo+ 2025),visual,,False,"ApJ 989,177 Table 7 (article HTML)",107.53395,-11.80273,177860391
179639066,SLF,SLF,SLF,2019ApJ...872L...9P (Pedersen+ 2019),visual+spectroscopy,,False,J/ApJ/872/L9/table1,80.75276,-67.18946,179639066
179639066,ACYG,PULS,PULS,2019MNRAS.485.3457B (Balona+ 2019),visual,,False,J/MNRAS/485/3457/table1,80.75276,-67.18946,179639066
195288472,SLF,SLF,SLF,2020A&A...639A..81B (Burssens+ 2020),visual+spectroscopy,1.1185682326621924,False,J/A+A/639/A81/table2 x tablea1,260.21941,-36.07238,195288472
195288472,SLF,SLF,SLF,2020A&A...640A..36B (Bowman+ 2020),visual+spectroscopy (SLF morphology fit),,True,J/A+A/640/A36/tablea2,260.21941,-36.07238,195288472
209829040,Be=Y; signals=S/L/G,BE,BE,2022AJ....163..226L (Labadie-Bartz+ 2022),visual,0.7407407407407407,False,J/AJ/163/226/table2,210.96528,-59.46311,209829040
215511795,Be=Y; signals=L/F+/G,BE,BE,2022AJ....163..226L (Labadie-Bartz+ 2022),visual,0.6535947712418301,False,J/AJ/163/226/table2,242.23062,-51.96199,215511795
216662610,SLF+SPB,PULS,PULS|SLF,2020A&A...639A..81B (Burssens+ 2020),visual+spectroscopy,0.6108735491753207,False,J/A+A/639/A81/table2 x tablea1,259.10972,-42.66781,216662610
216662610,SLF,SLF,SLF,2020A&A...640A..36B (Bowman+ 2020),visual+spectroscopy (SLF morphology fit),,True,J/A+A/640/A36/tablea2,259.10972,-42.66781,216662610
216875138,Be=Y; signals=I+/H,BE,BE,2022AJ....163..226L (Labadie-Bartz+ 2022),visual,,False,J/AJ/163/226/table2,259.49877,-42.0606,216875138
220197273,EB,ECL,ECL,2020A&A...639A..81B (Burssens+ 2020),visual+spectroscopy,0.60790273556231,False,J/A+A/639/A81/table2 x tablea1,,,220197273
231154751,SLF,SLF,SLF,2020A&A...639A..81B (Burssens+ 2020),visual+spectroscopy,1.5246226558926663,False,J/A+A/639/A81/table2 x tablea1,,,231154751
234009943,SLF+SPB?,PULS,PULS|SLF,2020A&A...639A..81B (Burssens+ 2020),visual+spectroscopy,0.8244023083264632,False,J/A+A/639/A81/table2 x tablea1,100.66895,1.71618,234009943
234009943,SLF,SLF,SLF,2020A&A...640A..36B (Bowman+ 2020),visual+spectroscopy (SLF morphology fit),,True,J/A+A/640/A36/tablea2,100.66895,1.71618,234009943
234052684,SLF,SLF,SLF,2020A&A...639A..81B (Burssens+ 2020),visual+spectroscopy,29.41176470588235,False,J/A+A/639/A81/table2 x tablea1,100.91102,3.93253,234052684
234052684,SLF,SLF,SLF,2020A&A...640A..36B (Bowman+ 2020),visual+spectroscopy (SLF morphology fit),,True,J/A+A/640/A36/tablea2,100.91102,3.93253,234052684
234230792,Be=Y; signals=S/I/H/G,BE,BE,2022AJ....163..226L (Labadie-Bartz+ 2022),visual,0.7299270072992701,False,J/AJ/163/226/table2,101.98861,0.77611,234230792
234648113,SLF+rot?,ROT,ROT|SLF,2020A&A...639A..81B (Burssens+ 2020),visual+spectroscopy,1.3986013986013988,False,J/A+A/639/A81/table2 x tablea1,251.03004,-46.14162,234648113
234648113,SLF,SLF,SLF,2020A&A...640A..36B (Bowman+ 2020),visual+spectroscopy (SLF morphology fit),,True,J/A+A/640/A36/tablea2,251.03004,-46.14162,234648113
234752466,Be=Y; signals=S/I/H,BE,BE,2022AJ....163..226L (Labadie-Bartz+ 2022),visual,,False,J/AJ/163/226/table2,250.92613,-45.46263,234752466
234806470,Be=Y; signals=L/G,BE,BE,2022AJ....163..226L (Labadie-Bartz+ 2022),visual,0.9174311926605504,False,J/AJ/163/226/table2,97.57348,2.84792,234806470
234834992,PQ,AMBIGUOUS,AMBIGUOUS,2020A&A...639A..81B (Burssens+ 2020),visual+spectroscopy,0.4847309743092583,False,J/A+A/639/A81/table2 x tablea1,97.83692,4.8344,234834992
234834992,SLF,SLF,SLF,2020A&A...640A..36B (Bowman+ 2020),visual+spectroscopy (SLF morphology fit),,True,J/A+A/640/A36/tablea2,97.83692,4.8344,234834992
234840662,SLF,SLF,SLF,2020A&A...639A..81B (Burssens+ 2020),visual+spectroscopy,1.7761989342806397,False,J/A+A/639/A81/table2 x tablea1,97.98134,4.94286,234840662
234840662,SLF,SLF,SLF,2020A&A...640A..36B (Bowman+ 2020),visual+spectroscopy (SLF morphology fit),,True,J/A+A/640/A36/tablea2,97.98134,4.94286,234840662
234881667,SLF+SPB?,PULS,PULS|SLF,2020A&A...639A..81B (Burssens+ 2020),visual+spectroscopy,5.524861878453039,False,J/A+A/639/A81/table2 x tablea1,98.03878,4.82353,234881667
234881667,SLF,SLF,SLF,2020A&A...640A..36B (Bowman+ 2020),visual+spectroscopy (SLF morphology fit),,True,J/A+A/640/A36/tablea2,98.03878,4.82353,234881667
234933597,Be=Y; signals=S/I/H/G,BE,BE,2022AJ....163..226L (Labadie-Bartz+ 2022),visual,,False,J/AJ/163/226/table2,98.4767,4.66238,234933597
234933888,EB,ECL,ECL,2020A&A...639A..81B (Burssens+ 2020),visual+spectroscopy,6.882312456985547,False,J/A+A/639/A81/table2 x tablea1,,,234933888
234947719,SLF+rot?,ROT,ROT|SLF,2020A&A...639A..81B (Burssens+ 2020),visual+spectroscopy,1.1614401858304295,False,J/A+A/639/A81/table2 x tablea1,98.59821,2.53415,234947719
234947719,SLF,SLF,SLF,2020A&A...640A..36B (Bowman+ 2020),visual+spectroscopy (SLF morphology fit),,True,J/A+A/640/A36/tablea2,98.59821,2.53415,234947719
237651093,Be=Y; signals=I/H/V/G,BE,BE,2022AJ....163..226L (Labadie-Bartz+ 2022),visual,0.4629629629629629,False,J/AJ/163/226/table2,103.59231,0.18187,237651093
238314043,Rotation,ROT,ROT,2025ApJ...989..177C (Campelo+ 2025),visual,0.231,False,"ApJ 989,177 Table 2 (article HTML)",,,238314043
238381092,Rotation,ROT,ROT,2025ApJ...989..177C (Campelo+ 2025),visual,1.608,False,"ApJ 989,177 Table 2 (article HTML)",,,238381092
246953610,SLF+SPB?,PULS,PULS|SLF,2020A&A...639A..81B (Burssens+ 2020),visual+spectroscopy,2.5125628140703515,False,J/A+A/639/A81/table2 x tablea1,253.36924,-42.1214,246953610
246953610,SLF,SLF,SLF,2020A&A...640A..36B (Bowman+ 2020),visual+spectroscopy (SLF morphology fit),,True,J/A+A/640/A36/tablea2,253.36924,-42.1214,246953610
253177102,Be=Y; signals=S/L/F+/G,BE,BE,2022AJ....163..226L (Labadie-Bartz+ 2022),visual,0.7692307692307692,False,J/AJ/163/226/table2,195.09958,-59.68544,253177102
257065501,Be=Y; signals=L/G,BE,BE,2022AJ....163..226L (Labadie-Bartz+ 2022),visual,0.7142857142857143,False,J/AJ/163/226/table2,102.284385,0.089448,257065501
258704817,Be=Y; signals=L/F+/G,BE,BE,2022AJ....163..226L (Labadie-Bartz+ 2022),visual,0.8,False,J/AJ/163/226/table2,222.185625,-66.5935611111,258704817
263805130,Be=Y; signals=S/L/G,BE,BE,2022AJ....163..226L (Labadie-Bartz+ 2022),visual,,False,J/AJ/163/226/table2,96.00072,8.30068,263805130
265080539,Pulsation (SPB),PULS,PULS,2025ApJ...989..177C (Campelo+ 2025),visual,0.226,False,"ApJ 989,177 Table 4 (article HTML)",,,265080539
270934336,Be=Y; signals=G,BE,BE,2022AJ....163..226L (Labadie-Bartz+ 2022),visual,,False,J/AJ/163/226/table2,132.08694,-46.9105,270934336
275038687,Pulsation (IGW),PULS,PULS,2025ApJ...989..177C (Campelo+ 2025),visual,3.637,False,"ApJ 989,177 Table 4 (article HTML)",,,275038687
276653683,Pulsation (SPB (IGW)),PULS,PULS,2025ApJ...989..177C (Campelo+ 2025),visual,3.595,False,"ApJ 989,177 Table 4 (article HTML)",,,276653683
277099925,SLF,SLF,SLF,2019ApJ...872L...9P (Pedersen+ 2019),visual+spectroscopy,,False,J/ApJ/872/L9/table1,83.98653,-67.4596,277099925
277099925,ACYG,PULS,PULS,2019MNRAS.485.3457B (Balona+ 2019),visual,,False,J/MNRAS/485/3457/table1,83.98653,-67.4596,277099925
277173650,SLF / instr?,SLF,AMBIGUOUS|SLF,2019ApJ...872L...9P (Pedersen+ 2019),visual+spectroscopy,,False,J/ApJ/872/L9/table1,84.19661,-69.4978,277173650
277173650,ACYG,PULS,PULS,2019MNRAS.485.3457B (Balona+ 2019),visual,,False,J/MNRAS/485/3457/table1,84.19661,-69.4978,277173650
277502552,Ambiguous variability,AMBIGUOUS,AMBIGUOUS,2025ApJ...989..177C (Campelo+ 2025),visual,,False,"ApJ 989,177 Table 7 (article HTML)",,,277502552
280835427,Be=Y; signals=S/L/F+/G,BE,BE,2022AJ....163..226L (Labadie-Bartz+ 2022),visual,0.6896551724137931,False,J/AJ/163/226/table2,144.46204,-53.68035,280835427
281741629,rot / Be,BE,BE|ROT,2019ApJ...872L...9P (Pedersen+ 2019),visual+spectroscopy,,False,J/ApJ/872/L9/table1,12.25548,-56.09704,281741629
281741629,BE(BE),BE,BE,2019MNRAS.485.3457B (Balona+ 2019),visual,,False,J/MNRAS/485/3457/table1,12.25548,-56.09704,281741629
281741629,Be=Y; signals=L/F+/G,BE,BE,2022AJ....163..226L (Labadie-Bartz+ 2022),visual,0.9615384615384616,False,J/AJ/163/226/table2,12.25548,-56.09704,281741629
281741629,SPB?,PULS,PULS,2022ApJ...924....2B (Barraza+ 2022),visual,,False,arXiv:2202.01022 Table 4,12.25548,-56.09704,281741629
283206453,Be=Y; signals=G,BE,BE,2022AJ....163..226L (Labadie-Bartz+ 2022),visual,1.5873015873015872,False,J/AJ/163/226/table2,104.079519,-3.80706,283206453
285187855,Be=Y; signals=,BE,BE,2022AJ....163..226L (Labadie-Bartz+ 2022),visual,,False,J/AJ/163/226/table2,233.77022,-56.98395,285187855
285916305,Be=Y; signals=S/I/L/H,BE,BE,2022AJ....163..226L (Labadie-Bartz+ 2022),visual,,False,J/AJ/163/226/table2,119.75305,-48.37631,285916305
292362364,Be=Y; signals=G,BE,BE,2022AJ....163..226L (Labadie-Bartz+ 2022),visual,1.7543859649122808,False,J/AJ/163/226/table2,106.980564,1.719594,292362364
294114621,SLF+rot?,ROT,ROT|SLF,2020A&A...639A..81B (Burssens+ 2020),visual+spectroscopy,0.819672131147541,False,J/A+A/639/A81/table2 x tablea1,92.23259,15.70505,294114621
294114621,SLF,SLF,SLF,2020A&A...640A..36B (Bowman+ 2020),visual+spectroscopy (SLF morphology fit),,True,J/A+A/640/A36/tablea2,92.23259,15.70505,294114621
295099096,Be=Y; signals=G,BE,BE,2022AJ....163..226L (Labadie-Bartz+ 2022),visual,0.819672131147541,False,J/AJ/163/226/table2,140.49343,-51.17649,295099096
305255878,Pulsation,PULS,PULS,2025ApJ...989..177C (Campelo+ 2025),visual,0.377,False,"ApJ 989,177 Table 4 (article HTML)",,,305255878
306491594,SLF,SLF,SLF,2020A&A...639A..81B (Burssens+ 2020),visual+spectroscopy,2.092050209205021,False,J/A+A/639/A81/table2 x tablea1,166.88674,-59.96353,306491594
306491594,SLF,SLF,SLF,2020A&A...640A..36B (Bowman+ 2020),visual+spectroscopy (SLF morphology fit),,True,J/A+A/640/A36/tablea2,166.88674,-59.96353,306491594
307100246,Be=Y; signals=L/F+/G,BE,BE,2022AJ....163..226L (Labadie-Bartz+ 2022),visual,0.5319148936170213,False,J/AJ/163/226/table2,179.66067,-60.65501,307100246
308951795,Be=S; signals=S/I/L/H/V/G,BE,BE,2022AJ....163..226L (Labadie-Bartz+ 2022),visual,,False,J/AJ/163/226/table2,167.83056,-59.92046,308951795
309702035,SLF,SLF,SLF,2019ApJ...872L...9P (Pedersen+ 2019),visual+spectroscopy,,False,J/ApJ/872/L9/table1,79.71561,-65.68956,309702035
309702035,ACYG,PULS,PULS,2019MNRAS.485.3457B (Balona+ 2019),visual,,False,J/MNRAS/485/3457/table1,79.71561,-65.68956,309702035
313955481,Be=Y; signals=G,BE,BE,2022AJ....163..226L (Labadie-Bartz+ 2022),visual,0.9615384615384616,False,J/AJ/163/226/table2,202.39291,-61.19337,313955481
313986452,Ambiguous variability,AMBIGUOUS,AMBIGUOUS,2025ApJ...989..177C (Campelo+ 2025),visual,,False,"ApJ 989,177 Table 7 (article HTML)",,,313986452
314868712,Be=Y; signals=L/G,BE,BE,2022AJ....163..226L (Labadie-Bartz+ 2022),visual,1.0526315789473684,False,J/AJ/163/226/table2,244.6641,-49.41389,314868712
315036866,Be=Y; signals=I+/H/G,BE,BE,2022AJ....163..226L (Labadie-Bartz+ 2022),visual,1.282051282051282,False,J/AJ/163/226/table2,202.81455,-61.7326,315036866
315830698,Be=Y; signals=I,BE,BE,2022AJ....163..226L (Labadie-Bartz+ 2022),visual,,False,J/AJ/163/226/table2,171.30736,-61.27688,315830698
317795621,Be=Y; signals=S/I/G,BE,BE,2022AJ....163..226L (Labadie-Bartz+ 2022),visual,1.075268817204301,False,J/AJ/163/226/table2,172.77881,-62.94694,317795621
319936861,cont.,AMBIGUOUS,AMBIGUOUS,2020A&A...639A..81B (Burssens+ 2020),visual+spectroscopy,1.0467915837956665,False,J/A+A/639/A81/table2 x tablea1,,,319936861
321335373,Ambiguous variability,AMBIGUOUS,AMBIGUOUS,2025ApJ...989..177C (Campelo+ 2025),visual,,False,"ApJ 989,177 Table 7 (article HTML)",,,321335373
325237845,Be=Y; signals=L/F+/G,BE,BE,2022AJ....163..226L (Labadie-Bartz+ 2022),visual,0.8,False,J/AJ/163/226/table2,177.37477,-64.6225,325237845
325273334,Be=Y; signals=I/H/G,BE,BE,2022AJ....163..226L (Labadie-Bartz+ 2022),visual,0.5405405405405405,False,J/AJ/163/226/table2,209.49073,-59.88467,325273334
329059929,Be=Y; signals=I+/G,BE,BE,2022AJ....163..226L (Labadie-Bartz+ 2022),visual,,False,J/AJ/163/226/table2,211.35494,-62.58844,329059929
329074395,Rotation,ROT,ROT,2025ApJ...989..177C (Campelo+ 2025),visual,3.775,False,"ApJ 989,177 Table 2 (article HTML)",,,329074395
330281456,SLF+SPB?,PULS,PULS|SLF,2020A&A...639A..81B (Burssens+ 2020),visual+spectroscopy,2.103934357248054,False,J/A+A/639/A81/table2 x tablea1,211.85682,-60.4706,330281456
330281456,SLF,SLF,SLF,2020A&A...640A..36B (Bowman+ 2020),visual+spectroscopy (SLF morphology fit),,True,J/A+A/640/A36/tablea2,211.85682,-60.4706,330281456
335036191,Pulsation,PULS,PULS,2025ApJ...989..177C (Campelo+ 2025),visual,1.599,False,"ApJ 989,177 Table 4 (article HTML)",,,335036191
337364158,Ambiguous variability,AMBIGUOUS,AMBIGUOUS,2025ApJ...989..177C (Campelo+ 2025),visual,,False,"ApJ 989,177 Table 7 (article HTML)",,,337364158
337886863,Binary (eclipsing/ellipsoidal),ECL,ECL,2025ApJ...989..177C (Campelo+ 2025),visual,2.754,False,"ApJ 989,177 Table 5 (article HTML)",,,337886863
338640317,SLF+rot?,ROT,ROT|SLF,2020A&A...639A..81B (Burssens+ 2020),visual+spectroscopy,8.928571428571429,False,J/A+A/639/A81/table2 x tablea1,253.19739,-41.78583,338640317
338640317,SLF,SLF,SLF,2020A&A...640A..36B (Bowman+ 2020),visual+spectroscopy (SLF morphology fit),,True,J/A+A/640/A36/tablea2,253.19739,-41.78583,338640317
338738989,Be=Y; signals=I/H,BE,BE,2022AJ....163..226L (Labadie-Bartz+ 2022),visual,,False,J/AJ/163/226/table2,253.2499,-41.40759,338738989
339565205,cont.,AMBIGUOUS,AMBIGUOUS,2020A&A...639A..81B (Burssens+ 2020),visual+spectroscopy,4.424778761061947,False,J/A+A/639/A81/table2 x tablea1,,,339565205
339567904,SLF+SPB?,PULS,PULS|SLF,2020A&A...639A..81B (Burssens+ 2020),visual+spectroscopy,2.1978021978021975,False,J/A+A/639/A81/table2 x tablea1,253.5485,-41.84925,339567904
339567904,SLF,SLF,SLF,2020A&A...640A..36B (Bowman+ 2020),visual+spectroscopy (SLF morphology fit),,True,J/A+A/640/A36/tablea2,253.5485,-41.84925,339567904
339568114,SLF,SLF,SLF,2020A&A...639A..81B (Burssens+ 2020),visual+spectroscopy,5.291005291005291,False,J/A+A/639/A81/table2 x tablea1,253.6082,-41.83216,339568114
339568114,SLF,SLF,SLF,2020A&A...640A..36B (Bowman+ 2020),visual+spectroscopy (SLF morphology fit),,True,J/A+A/640/A36/tablea2,253.6082,-41.83216,339568114
339570292,SLF+SPB?,PULS,PULS|SLF,2020A&A...639A..81B (Burssens+ 2020),visual+spectroscopy,6.305170239596469,False,J/A+A/639/A81/table2 x tablea1,253.54799,-41.64194,339570292
339570292,SLF,SLF,SLF,2020A&A...640A..36B (Bowman+ 2020),visual+spectroscopy (SLF morphology fit),,True,J/A+A/640/A36/tablea2,253.54799,-41.64194,339570292
340878553,Be=Y; signals=S/G,BE,BE,2022AJ....163..226L (Labadie-Bartz+ 2022),visual,,False,J/AJ/163/226/table2,238.44099,-61.66396,340878553
341258182,EB,ECL,ECL,2020A&A...639A..81B (Burssens+ 2020),visual+spectroscopy,2.247191011235955,False,J/A+A/639/A81/table2 x tablea1,,,341258182
343376491,Be=Y; signals=S/L/F+/G,BE,BE,2022AJ....163..226L (Labadie-Bartz+ 2022),visual,0.6666666666666666,False,J/AJ/163/226/table2,240.93523,-60.49847,343376491
381747495,Be=S; signals=S/L/H/G,BE,BE,2022AJ....163..226L (Labadie-Bartz+ 2022),visual,,False,J/AJ/163/226/table2,182.6254,-64.1009,381747495
382750740,Be=Y; signals=I/F+/G,BE,BE,2022AJ....163..226L (Labadie-Bartz+ 2022),visual,0.819672131147541,False,J/AJ/163/226/table2,183.53186,-60.60234,382750740
383162375,Be=Y; signals=L/F+/G,BE,BE,2022AJ....163..226L (Labadie-Bartz+ 2022),visual,0.4608294930875576,False,J/AJ/163/226/table2,258.25165,-42.63346,383162375
385626507,Be=Y; signals=L/F+/G,BE,BE,2022AJ....163..226L (Labadie-Bartz+ 2022),visual,1.2195121951219512,False,J/AJ/163/226/table2,138.46401,-55.53969,385626507
389921913,SLF,SLF,SLF,2019ApJ...872L...9P (Pedersen+ 2019),visual+spectroscopy,,False,J/ApJ/872/L9/table1,87.83658,-70.28592,389921913
389921913,ACYG,PULS,PULS,2019MNRAS.485.3457B (Balona+ 2019),visual,,False,J/MNRAS/485/3457/table1,87.83658,-70.28592,389921913
402894425,Pulsation,PULS,PULS,2025ApJ...989..177C (Campelo+ 2025),visual,0.139,False,"ApJ 989,177 Table 4 (article HTML)",,,402894425
404967301,SLF,SLF,SLF,2019ApJ...872L...9P (Pedersen+ 2019),visual+spectroscopy,,False,J/ApJ/872/L9/table1,85.36531,-69.80104,404967301
404967301,ACYG,PULS,PULS,2019MNRAS.485.3457B (Balona+ 2019),visual,,False,J/MNRAS/485/3457/table1,85.36531,-69.80104,404967301
405577964,Be=Y; signals=S/G,BE,BE,2022AJ....163..226L (Labadie-Bartz+ 2022),visual,0.641025641025641,False,J/AJ/163/226/table2,191.86374,-57.97248,405577964
427393058,Rotation,ROT,ROT,2025ApJ...989..177C (Campelo+ 2025),visual,0.855,False,"ApJ 989,177 Table 2 (article HTML)",,,427393058
427393920,rot,ROT,ROT,2020A&A...639A..81B (Burssens+ 2020),visual+spectroscopy,1.0960105217010083,False,J/A+A/639/A81/table2 x tablea1,83.88069,-5.26738,427393920
427393920,SLF,SLF,SLF,2020A&A...640A..36B (Bowman+ 2020),visual+spectroscopy (SLF morphology fit),,True,J/A+A/640/A36/tablea2,83.88069,-5.26738,427393920
427393920,Pulsation (IGW?),PULS,PULS,2025ApJ...989..177C (Campelo+ 2025),visual,1.095,False,"ApJ 989,177 Table 4 (article HTML)",83.88069,-5.26738,427393920
427395058,SLF?,SLF,SLF,2020A&A...639A..81B (Burssens+ 2020),visual+spectroscopy,4.975124378109452,False,J/A+A/639/A81/table2 x tablea1,83.86,-5.41689,427395058
427395058,SLF,SLF,SLF,2020A&A...640A..36B (Bowman+ 2020),visual+spectroscopy (SLF morphology fit),,True,J/A+A/640/A36/tablea2,83.86,-5.41689,427395058
427395300,Ambiguous variability,AMBIGUOUS,AMBIGUOUS,2025ApJ...989..177C (Campelo+ 2025),visual,,False,"ApJ 989,177 Table 7 (article HTML)",,,427395300
430625455,SLF+SPB?,PULS,PULS|SLF,2020A&A...639A..81B (Burssens+ 2020),visual+spectroscopy,0.6377551020408163,False,J/A+A/639/A81/table2 x tablea1,131.29309,-46.03868,430625455
430625455,SLF,SLF,SLF,2020A&A...640A..36B (Bowman+ 2020),visual+spectroscopy (SLF morphology fit),,True,J/A+A/640/A36/tablea2,131.29309,-46.03868,430625455
433738620,rot?,ROT,ROT,2020A&A...639A..81B (Burssens+ 2020),visual+spectroscopy,0.8082767539605561,False,J/A+A/639/A81/table2 x tablea1,190.55293,-60.65242,433738620
433738620,SLF,SLF,SLF,2020A&A...640A..36B (Bowman+ 2020),visual+spectroscopy (SLF morphology fit),,True,J/A+A/640/A36/tablea2,190.55293,-60.65242,433738620
438103655,Be=Y; signals=S/I/L,BE,BE,2022AJ....163..226L (Labadie-Bartz+ 2022),visual,,False,J/AJ/163/226/table2,95.85284,15.10181,438103655
447970564,Be=Y; signals=G,BE,BE,2022AJ....163..226L (Labadie-Bartz+ 2022),visual,1.1235955056179776,False,J/AJ/163/226/table2,136.02722,-45.67676,447970564
449459169,Be=Y; signals=G,BE,BE,2022AJ....163..226L (Labadie-Bartz+ 2022),visual,0.9615384615384616,False,J/AJ/163/226/table2,200.1478,-63.41202,449459169
455463415,Be=N (rejected/other); signals=,OTHER,OTHER,2022AJ....163..226L (Labadie-Bartz+ 2022),visual,,False,J/AJ/163/226/table2,229.152875,-60.9039944444,455463415
455809360,Be=U (rejected/other); signals=,OTHER,OTHER,2022AJ....163..226L (Labadie-Bartz+ 2022),visual,,False,J/AJ/163/226/table2,230.03879,-62.25223,455809360
464295672,SLF+SPB?,PULS,PULS|SLF,2020A&A...639A..81B (Burssens+ 2020),visual+spectroscopy,1.721170395869191,False,J/A+A/639/A81/table2 x tablea1,155.93523,-57.64209,464295672
464295672,SLF,SLF,SLF,2020A&A...640A..36B (Bowman+ 2020),visual+spectroscopy (SLF morphology fit),,True,J/A+A/640/A36/tablea2,155.93523,-57.64209,464295672
465012898,SLF+rot,ROT,ROT|SLF,2020A&A...639A..81B (Burssens+ 2020),visual+spectroscopy,2.902757619738752,False,J/A+A/639/A81/table2 x tablea1,162.15738,-60.22375,465012898
465012898,SLF,SLF,SLF,2020A&A...640A..36B (Bowman+ 2020),visual+spectroscopy (SLF morphology fit),,True,J/A+A/640/A36/tablea2,162.15738,-60.22375,465012898
466353921,Be=Y; signals=S/I/G,BE,BE,2022AJ....163..226L (Labadie-Bartz+ 2022),visual,,False,J/AJ/163/226/table2,165.79036,-61.76875,466353921
466527712,Be=Y; signals=L/F+/G,BE,BE,2022AJ....163..226L (Labadie-Bartz+ 2022),visual,0.641025641025641,False,J/AJ/163/226/table2,166.25032,-61.3936,466527712
466715331,Be=S; signals=S/I/L/H,BE,BE,2022AJ....163..226L (Labadie-Bartz+ 2022),visual,,False,J/AJ/163/226/table2,166.80678,-62.04959,466715331
466880435,Be=Y; signals=G,BE,BE,2022AJ....163..226L (Labadie-Bartz+ 2022),visual,1.3333333333333333,False,J/AJ/163/226/table2,167.32821,-60.71188,466880435
467065657,SLF+SPB?,PULS,PULS|SLF,2020A&A...639A..81B (Burssens+ 2020),visual+spectroscopy,2.0202020202020203,False,J/A+A/639/A81/table2 x tablea1,167.67525,-60.38446,467065657
467065657,SLF,SLF,SLF,2020A&A...640A..36B (Bowman+ 2020),visual+spectroscopy (SLF morphology fit),,True,J/A+A/640/A36/tablea2,167.67525,-60.38446,467065657
467065657,Be=N (rejected/other); signals=,OTHER,OTHER,2022AJ....163..226L (Labadie-Bartz+ 2022),visual,,False,J/AJ/163/226/table2,167.67525,-60.38446,467065657
467409163,Be=Y; signals=G,BE,BE,2022AJ....163..226L (Labadie-Bartz+ 2022),visual,0.7299270072992701,False,J/AJ/163/226/table2,168.37294,-61.26416,467409163
