TIC,Type,per_vsx,label,vsx_token,expected_class,per_det,brf_class,period_match,grupo,vis_verdict,vis_shape,vis_notes,vis_date,vis_multi
6780465,MISC,729.0,0,MISC,,,,,FP_label0,,,,,
29945178,MISC,2197.0,0,MISC,,,,,FP_label0,,,,,
55743567,SRD,250.0,0,SRD,LPV,,,,FP_label0,,,,,
93323536,CWA,24.55,0,CWA,CEP,,,,FP_label0,,,,,
108882149,MISC,663.0,0,MISC,,,,,FP_label0,,,,,
138465692,EA,47.615,0,EA,E,,,,FP_label0,,,,,
144356247,MISC,699.0,0,MISC,,,,,FP_label0,,,,,
144632645,DCEP,13.6727,0,DCEP,CEP,,,,FP_label0,,,,,
149609517,MISC,491.0,0,MISC,,,,,FP_label0,,,,,
168627067,MISC,636.0,0,MISC,,,,,FP_label0,,,,,
178431738,EA,24.9285,0,EA,E,,,,FP_label0,,,,,
204634408,EA,30.811,0,EA,E,,,,FP_label0,,,,,
209640310,SRD,64.6,0,SRD,LPV,,,,FP_label0,,,,,
263573669,SPB,23.2,0,SPB,,,,,FP_label0,,,,,
269714696,EB,16.311,0,EB,E,,,,FP_label0,,,,,
272045538,E,18.163,0,E,E,,,,FP_label0,,,,,
279952371,SRD:,159.0,0,SRD,LPV,,,,FP_label0,,,,,
285243475,DCEP,15.69073,0,DCEP,CEP,,,,FP_label0,,,,,
303425964,ACYG:,17.03,0,ACYG,,,,,FP_label0,,,,,
307100246,MISC,80.98,0,MISC,,,,,FP_label0,,,,,
319571693,EA,16.420942,0,EA,E,,,,FP_label0,,,,,
328546890,HMXB,19.12,0,HMXB,,,,,FP_label0,,,,,
355590438,ACYG:,116.5,0,ACYG,,,,,FP_label0,,,,,
356024834,E,13.272,0,E,E,,,,FP_label0,,,,,
359438901,EA+ACYG,20.2812,0,EA,E,,,,FP_label0,,,,,
375539091,MISC,295.021881,0,MISC,,,,,FP_label0,,,,,
410336237,HMXB/XP+GCAS,155.0,0,HMXB,,,,,FP_label0,,,,,
425115568,MISC|LPV,2579.0,0,MISC,,,,,FP_label0,,,,,
425236256,MISC,468.0,0,MISC,,,,,FP_label0,,,,,
432729764,DPV/ELL,16.871,0,DPV,,,,,FP_label0,,,,,
438031537,MISC,198.678574,0,MISC,,,,,FP_label0,,,,,
443204265,EC,64.03527,0,EC,E,,,,FP_label0,,,,,
443262289,EA,13.4197,0,EA,E,,,,FP_label0,,,,,
450359616,MISC,153.4,0,MISC,,,,,FP_label0,,,,,
451932686,EA+BCEP,54.494,0,EA,E,,,,FP_label0,,,,,
458857427,EA,23.9438,0,EA,E,,,,FP_label0,,,,,
462093134,GCAS,152.0,0,GCAS,,,,,FP_label0,,,,,
465214833,HB,51.183,0,HB,,,,,FP_label0,,,,,
467640226,EA:,14.758,0,EA,E,,,,FP_label0,,,,,
2323229,BCEP,0.0294849,1,BCEP,,,,,acuerdo,,,,,
2856211,ROT,0.28,1,ROT,,,,,acuerdo,bad,,,2026-09-05,False
4030832,BCEP,0.1867509,1,BCEP,,,,,acuerdo,ok,,,2026-09-05,False
7038369,BCEP,0.224256,1,BCEP,,,,,acuerdo,,,,,
8896127,EA,3.8671148,1,EA,E,,,,acuerdo,,,,,
10777186,BE,0.409789,1,BE,,,,,acuerdo,,,,,
10800647,EA,1.9699,1,EA,E,,,,acuerdo,,,,,
11114205,DSCT|GDOR|SXPHE,2.17252,1,DSCT,DST,,,,acuerdo,unconstrained,,,2026-09-05,True
11145365,EB,1.2966,1,EB,E,,,,acuerdo,,,,,
11480287,EB/SD,2.3168937,1,EB,E,,,,acuerdo,,,,,
11697773,BCEP,0.1644,1,BCEP,,,,,acuerdo,,,,,
11698190,BCEP,0.0221106,1,BCEP,,,,,acuerdo,bad,,"señal real, per_vsx incorrecto",2026-09-05,False
11793277,EA/DM,1.5070018,1,EA,E,,,,acuerdo,,,,,
11999540,DSCT|GDOR|SXPHE,2.58931,1,DSCT,DST,,,,acuerdo,ok,,,2026-09-05,False
12642732,E,3.5438,1,E,E,,,,acuerdo,,,,,
12672792,EA/WR,4.212424,1,EA,E,,,,acuerdo,,,,,
12673900,E,1.91022,1,E,E,,,,acuerdo,ok,,,2026-09-05,False
12675729,EA/DM,2.8808994,1,EA,E,,,,acuerdo,,,,,
12927862,DSCT|GDOR|SXPHE,0.0797892,1,DSCT,DST,,,,acuerdo,,,,,
13088285,ELL,3.6498,1,ELL,ELL,,,,acuerdo,,,,,
13332837,BCEP,0.1454654,1,BCEP,,,,,acuerdo,,,,,
13418870,E,12.3516,1,E,E,,,,acuerdo,ok,,,2026-09-05,False
13973539,BCEP,0.285489,1,BCEP,,,,,acuerdo,,,,,
14209735,E,2.32216,1,E,E,,,,acuerdo,,,,,
14212879,E,1.23538,1,E,E,,,,acuerdo,ok,,,2026-09-05,False
14312409,BCEP,0.14301,1,BCEP,,,,,acuerdo,bad,,,2026-09-05,False
14842608,E/GS,4.8126,1,E,E,,,,acuerdo,ok,,quizas mal extraccion pero se ve el per,2026-09-05,False
15072015,EB/DM,8.76573,1,EB,E,,,,acuerdo,,,,,
15166556,BCEP,0.15215,1,BCEP,,,,,acuerdo,,,,,
15674477,E,1.30839,1,E,E,,,,acuerdo,,,,,
17450158,VAR,0.0376119,1,VAR,,,,,acuerdo,,,,,
21392414,DSCT|GDOR|SXPHE,5.4318,1,DSCT,DST,,,,acuerdo,,,,,
24658137,RRD,0.7112376,1,RRD,RR,,,,acuerdo,,,,,
24985783,EB,3.756045,1,EB,E,,,,acuerdo,,,,,
33678125,BCEP,0.0590356,1,BCEP,,,,,acuerdo,,,,,
40479710,GDOR,1.23198,1,GDOR,,,,,acuerdo,,,,,
40822942,ACV|EC|ESD,0.945548,1,ACV,,,,,acuerdo,,,,,
42244951,EB,4.2846028,1,EB,E,,,,acuerdo,ok,,,2026-09-05,False
42365645,EA+BCEP,1.50626,1,EA,E,,,,acuerdo,,,,,
42534550,BCEP,0.1431141,1,BCEP,,,,,acuerdo,,,,,
42738942,EA,8.7061,1,EA,E,,,,acuerdo,,,,,
43189114,EA/DM,2.00738,1,EA,E,,,,acuerdo,,,,,
43881045,BCEP,0.140398,1,BCEP,,,,,acuerdo,,,,,
44755160,VAR,3.74185,1,VAR,,,,,acuerdo,unconstrained,,,2026-09-05,True
44980675,BCEP,0.193851,1,BCEP,,,,,acuerdo,,,,,
45037093,VAR,1.950298,1,VAR,,,,,acuerdo,,,,,
45285604,VAR,1.96219,1,VAR,,,,,acuerdo,bad,,noise?,2026-09-05,False
45377083,VAR,1.96219,1,VAR,,,,,acuerdo,,,,,
45446943,EA,4.353161,1,EA,E,,,,acuerdo,,,,,
45709015,GDOR,1.84942,1,GDOR,,,,,acuerdo,,,,,
45899911,VAR,2.383698,1,VAR,,,,,acuerdo,bad,,noise?,2026-09-05,False
45909257,VAR,9.90151,1,VAR,,,,,acuerdo,,,,,
46239533,VAR,3.512464,1,VAR,,,,,acuerdo,,,,,
46282359,BCEP,0.1807755,1,BCEP,,,,,acuerdo,,,,,
50608476,DCEP,3.832472,1,DCEP,CEP,,,,acuerdo,,,,,
51879141,BE|GCAS|SDOR|WR,7.5822,1,BE,,,,,acuerdo,,,,,
51882713,DSCT|GDOR|SXPHE,2.04848,1,DSCT,DST,,,,acuerdo,,,,,
52855264,EA/DM,2.4893427,1,EA,E,,,,acuerdo,,,,,
52855592,DSCT|GDOR|SXPHE,1.75698,1,DSCT,DST,,,,acuerdo,,,,,
52861326,DSCT|GDOR|SXPHE,1.22691,1,DSCT,DST,,,,acuerdo,,,,,
54365610,DSCT|GDOR|SXPHE,1.54105,1,DSCT,DST,,,,acuerdo,,,,,
54887506,DSCT|GDOR|SXPHE,0.0804099,1,DSCT,DST,,,,acuerdo,bad,,EB? solo un eclipse,2026-09-05,False
55003265,E,1.66024,1,E,E,,,,acuerdo,ok,,,2026-09-05,False
55839455,BCEP,0.2106475,1,BCEP,,,,,acuerdo,ok,,,2026-09-05,False
56023695,EA,8.178,1,EA,E,,,,acuerdo,ok,,mal phot pero good per,2026-09-05,False
58830498,BCEP,0.117493,1,BCEP,,,,,acuerdo,ok,,,2026-09-05,False
60433558,EA+BCEP,10.79824,1,EA,E,,,,acuerdo,ok,,,2026-09-05,True
63970987,E,1.49142,1,E,E,,,,acuerdo,ok,,,2026-09-05,False
63971857,ELL,1.50873,1,ELL,ELL,,,,acuerdo,ok,,,2026-09-05,False
64734983,DSCT|GDOR|SXPHE,7.2612,1,DSCT,DST,,,,acuerdo,unconstrained,,,2026-09-05,True
69049226,PULS,1.0,1,PULS,,,,,acuerdo,bad,,,2026-09-05,True
72285450,DCEPS,3.088,1,DCEPS,CEP,,,,acuerdo,ok,,,2026-09-05,False
76734245,DCEP,1.49512,1,DCEP,CEP,,,,acuerdo,ok,,,2026-09-05,False
78652307,BCEP,0.016343,1,BCEP,,,,,acuerdo,bad,,Hay periodo,2026-09-05,False
78887878,EC|ESD,1.8542,1,EC,E,,,,acuerdo,ok,,,2026-09-05,False
80724706,ACYG:,1.46667,1,ACYG,,,,,acuerdo,unconstrained,,,2026-09-05,True
81821733,E,4.93638,1,E,E,,,,acuerdo,ok,,,2026-09-05,False
81972427,VAR,1.80786,1,VAR,,,,,acuerdo,ok,,maybe ELL,2026-09-05,False
82217886,EA,9.35928,1,EA,E,,,,acuerdo,unconstrained,,,2026-09-05,True
83138543,EB,6.107295,1,EB,E,,,,acuerdo,ok,,,2026-09-05,False
83624907,VAR,1.93684,1,VAR,,,,,acuerdo,ok,,,2026-09-05,False
83706075,VAR,3.76373,1,VAR,,,,,acuerdo,unconstrained,,o el periodo no cierra,2026-09-05,True
83771935,PULS,7.5683,1,PULS,,,,,acuerdo,unconstrained,,,2026-09-05,True
84342714,VAR,2.87076,1,VAR,,,,,acuerdo,bad,,es otro periodo,2026-09-05,False
84342725,EA+BCEP,2.6983845,1,EA,E,,,,acuerdo,ok,,,2026-09-05,False
86299451,EB,2.2541,1,EB,E,,,,acuerdo,ok,,,2026-09-05,False
87014767,EA,5.6866,1,EA,E,,,,acuerdo,ok,,,2026-09-05,False
87926550,EB/DM,1.95669202,1,EB,E,,,,acuerdo,ok,,mala extraccion pero se ve el per,2026-09-05,False
89593348,EA,12.072,1,EA,E,,,,acuerdo,ok,,,2026-09-05,False
89761288,EB/SD,6.5197162,1,EB,E,,,,acuerdo,ok,,se ve el per pero rara,2026-09-05,False
91701376,BCEP,0.84917,1,BCEP,,,,,acuerdo,ok,,es ELL con este periodo,2026-09-05,False
95513457,ACYG,2.69,1,ACYG,,,,,acuerdo,,,,,
95624763,BCEP,0.1824448,1,BCEP,,,,,acuerdo,ok,,,2026-09-05,False
95665973,DCEP,4.254832,1,DCEP,CEP,,,,acuerdo,unconstrained,,,2026-09-05,True
101706896,EB/KE:,1.621924,1,EB,E,,,,acuerdo,ok,,,2026-09-05,False
102604645,HMXB/BHXB+ELL,5.599824,1,HMXB,,,,,acuerdo,unconstrained,,el periodo no cierra,2026-09-05,True
104741817,RS,0.0183627,1,RS,,,,,acuerdo,bad,,el periodo esta,2026-09-05,False
105517114,BCEP,0.22434,1,BCEP,,,,,acuerdo,ok,,,2026-09-05,False
106407886,EB,2.48599,1,EB,E,,,,acuerdo,ok,,,2026-09-05,False
110625688,E,2.85876,1,E,E,,,,acuerdo,bad,,,2026-09-05,False
111613963,DCEPS,2.572599,1,DCEPS,CEP,,,,acuerdo,maybe,,mitad period ELL?,2026-09-05,False
112812656,BCEP,0.2073088,1,BCEP,,,,,acuerdo,ok,,,2026-09-05,False
114970688,EB:,4.0161,1,EB,E,,,,acuerdo,ok,,,2026-09-05,False
115730751,HB,8.8617,1,HB,,,,,acuerdo,ok,,fuera de la taxonomia,2026-09-05,False
116066367,E,1.48763,1,E,E,,,,acuerdo,ok,,,2026-09-05,False
116995588,E,1.47603,1,E,E,,,,acuerdo,ok,,,2026-09-05,False
119207375,PULS,0.8849,1,PULS,,,,,acuerdo,ok,,,2026-09-05,False
120801170,E,1.63527,1,E,E,,,,acuerdo,ok,,,2026-09-05,False
121069315,RS,9.484,1,RS,,,,,acuerdo,unconstrained,,,2026-09-05,True
127573149,DSCT|GDOR|SXPHE,1.41436,1,DSCT,DST,,,,acuerdo,maybe,,mitad per ELL?,2026-09-05,False
127977898,EA,2.69894,1,EA,E,,,,acuerdo,ok,,,2026-09-05,False
128383551,VAR,0.11488,1,VAR,,,,,acuerdo,bad,,mal periodo,2026-09-05,False
128565725,ELL,1.0189569,1,ELL,ELL,,,,acuerdo,ok,,3 systems?,2026-09-05,True
129928192,DCEP,5.2508,1,DCEP,CEP,,,,acuerdo,maybe,,,2026-09-05,True
130212230,BCEP,0.145602,1,BCEP,,,,,acuerdo,ok,,,2026-09-05,False
136719100,CWB:,1.7659,1,CWB,CEP,,,,acuerdo,ok,,,2026-09-05,True
137276004,DSCT|GDOR|SXPHE,3.79129,1,DSCT,DST,,,,acuerdo,ok,,,2026-09-05,False
139600098,VAR,1.05876,1,VAR,,,,,acuerdo,ok,,No entiendo esta curva,2026-09-05,True
139783833,ESD,5.9844,1,ESD,E,,,,acuerdo,ok,,,2026-09-05,False
140091538,DCEP,5.516724,1,DCEP,CEP,,,,acuerdo,ok,,,2026-09-05,False
141292310,BCEP,0.220007,1,BCEP,,,,,acuerdo,ok,,pocos puntos,2026-09-05,False
141457686,DCEPS,4.6441,1,DCEPS,CEP,,,,acuerdo,ok,,,2026-09-05,False
141497319,ELL,2.80945,1,ELL,ELL,,,,acuerdo,ok,,,2026-09-05,False
141628857,DCEP(B),3.12776,1,DCEP,CEP,,,,acuerdo,maybe,,,2026-09-05,True
145408079,DCEP,5.4647817,1,DCEP,CEP,,,,acuerdo,ok,,,2026-09-05,False
148660950,ESD,2.2496,1,ESD,E,,,,acuerdo,ok,,,2026-09-05,False
153241515,BCEP,0.151164,1,BCEP,,,,,acuerdo,ok,,pocos puntos,2026-09-05,False
154678848,EA,5.4166,1,EA,E,,,,acuerdo,ok,,,2026-09-05,False
155113877,SPB:,3.2506,1,SPB,,,,,acuerdo,unconstrained,,,2026-09-05,True
155215560,DSCT|GDOR|SXPHE,8.2815,1,DSCT,DST,,,,acuerdo,ok,,,2026-09-05,True
155286121,EA,2.005,1,EA,E,,,,acuerdo,ok,,3 system?,2026-09-05,False
155530282,BCEP,0.1819331,1,BCEP,,,,,acuerdo,ok,,,2026-09-05,False
160966399,EA,4.700102,1,EA,E,,,,acuerdo,ok,,,2026-09-05,False
161706446,DSCT|GDOR|SXPHE,0.0618978,1,DSCT,DST,,,,acuerdo,bad,,,2026-09-05,False
161714192,BCEP,0.220421,1,BCEP,,,,,acuerdo,ok,,,2026-09-05,True
170150046,ESD|ED,2.3709,1,ESD,E,,,,acuerdo,ok,,,2026-09-05,False
172357941,EB,1.0427,1,EB,E,,,,acuerdo,bad,,,2026-09-05,False
173863399,MISC,1.09779,1,MISC,,,,,acuerdo,bad,,,2026-09-05,True
175048236,E,1.77816,1,E,E,,,,acuerdo,ok,,,2026-09-05,False
175728634,EA,3.32423,1,EA,E,,,,acuerdo,ok,,,2026-09-05,True
176423372,ELL,2.93023,1,ELL,ELL,,,,acuerdo,ok,,,2026-09-05,True
177129056,BCEP,0.267,1,BCEP,,,,,acuerdo,bad,,,2026-09-05,True
179639066,ACYG,0.0802626,1,ACYG,,,,,acuerdo,,,,,
179840109,DSCT|GDOR|SXPHE,0.0629241,1,DSCT,DST,,,,acuerdo,bad,,,2026-09-05,False
180730928,EA,1.13492,1,EA,E,,,,acuerdo,ok,,,2026-09-05,False
180952390,RRC,0.216239,1,RRC,RR,,,,acuerdo,bad,,,2026-09-05,False
180964518,DSCT|GDOR|SXPHE,3.96773,1,DSCT,DST,,,,acuerdo,ok,,,2026-09-05,False
182936762,EA,9.3535,1,EA,E,,,,acuerdo,ok,,,2026-09-05,False
188549171,VAR,1.12333,1,VAR,,,,,acuerdo,bad,,,2026-09-05,False
189561605,BCEP,0.210526,1,BCEP,,,,,acuerdo,ok,,,2026-09-05,False
191450569,HMXB/XP+E,8.964357,1,HMXB,,,,,acuerdo,bad,,,2026-09-05,True
192116218,ESD,4.58239,1,ESD,E,,,,acuerdo,ok,,,2026-09-05,False
195979113,MISC,3.7498657,1,MISC,,,,,acuerdo,ok,,,2026-09-05,False
196868223,ESD,5.474192,1,ESD,E,,,,acuerdo,ok,,,2026-09-05,False
196873474,EB,5.206898,1,EB,E,,,,acuerdo,ok,,,2026-09-05,True
198851135,BCEP,0.1872559,1,BCEP,,,,,acuerdo,bad,,,2026-09-05,False
202445608,EA/KE,3.36824,1,EA,E,,,,acuerdo,ok,,,2026-09-05,False
203856936,ESD,4.3324,1,ESD,E,,,,acuerdo,ok,,,2026-09-05,True
207161872,DCEPS,3.786008,1,DCEPS,CEP,,,,acuerdo,ok,,,2026-09-05,False
207505006,DSCT|GDOR|SXPHE,0.305577,1,DSCT,DST,,,,acuerdo,ok,,,2026-09-05,True
208522252,DSCT|GDOR|SXPHE,0.83682,1,DSCT,DST,,,,acuerdo,unconstrained,,,2026-09-05,True
209036736,BCEP,0.218068,1,BCEP,,,,,acuerdo,bad,,,2026-09-05,False
212373097,EA,5.15447,1,EA,E,,,,acuerdo,ok,,,2026-09-05,False
216151248,BCEP,0.1800941,1,BCEP,,,,,acuerdo,ok,,,2026-09-05,False
216236227,ACYG+EA:,2.488,1,ACYG,,,,,acuerdo,unconstrained,,,2026-09-05,True
217034340,VAR,2.83664,1,VAR,,,,,acuerdo,unconstrained,,,2026-09-05,True
217372512,BCEP,0.1586,1,BCEP,,,,,acuerdo,bad,,,2026-09-05,False
218395387,DCEP-FO|ACV|EC|ESD,3.4002,1,DCEP-FO,,,,,acuerdo,unconstrained,,,2026-09-05,True
218709969,DSCT|GDOR|SXPHE,4.1439,1,DSCT,DST,,,,acuerdo,ok,,,2026-09-05,True
220082557,EA,2.257188,1,EA,E,,,,acuerdo,ok,,,2026-09-05,False
224802820,BCEP,0.144921,1,BCEP,,,,,acuerdo,ok,,,2026-09-05,False
227743418,ESD,4.02474,1,ESD,E,,,,acuerdo,ok,,,2026-09-05,False
231985748,DPV/EA,8.53295,1,DPV,,,,,acuerdo,ok,,,2026-09-05,False
233823777,SPB,3.76619,1,SPB,,,,,acuerdo,ok,,,2026-09-05,False
234068267,BCEP,0.178633,1,BCEP,,,,,acuerdo,ok,,,2026-09-05,False
234644092,BCEP,0.202068,1,BCEP,,,,,acuerdo,ok,,,2026-09-05,False
235416159,DSCT|GDOR|SXPHE,0.0875454,1,DSCT,DST,,,,acuerdo,bad,,,2026-09-05,False
235416305,BCEP,0.021367,1,BCEP,,,,,acuerdo,bad,,,2026-09-05,False
235518467,BCEP,0.1660628,1,BCEP,,,,,acuerdo,ok,,,2026-09-05,False
235781277,CWA,10.411,1,CWA,CEP,,,,acuerdo,ok,,,2026-09-05,False
236068511,ED,2.146028,1,ED,E,,,,acuerdo,ok,,,2026-09-05,False
236409173,BCEP,0.2242077,1,BCEP,,,,,acuerdo,ok,,,2026-09-05,False
236838052,BCEP,0.1817808,1,BCEP,,,,,acuerdo,ok,,,2026-09-05,False
240536742,SPB,1.6758,1,SPB,,,,,acuerdo,unconstrained,,,2026-09-05,True
245465292,DSCT|GDOR|SXPHE,5.9167,1,DSCT,DST,,,,acuerdo,ok,,,2026-09-05,False
246047409,BCEP,0.1775968,1,BCEP,,,,,acuerdo,ok,,,2026-09-05,False
246075936,DSCT|GDOR|SXPHE,6.2795,1,DSCT,DST,,,,acuerdo,unconstrained,,,2026-09-05,True
247066241,BCEP,0.1657833,1,BCEP,,,,,acuerdo,ok,,,2026-09-05,False
247264964,BCEP,0.10794,1,BCEP,,,,,acuerdo,ok,,,2026-09-05,False
247315421,EA,3.9207,1,EA,E,,,,acuerdo,ok,,,2026-09-05,False
248275346,BCEP,0.1428561,1,BCEP,,,,,acuerdo,ok,,,2026-09-05,False
250722653,BCEP,0.3908,1,BCEP,,,,,acuerdo,bad,,quizas multiperiodica,2026-09-05,False
251230392,ELL,1.8596,1,ELL,ELL,,,,acuerdo,ok,,,2026-09-05,False
251304698,DPV/ELL,10.5856,1,DPV,,,,,acuerdo,ok,,,2026-09-05,True
251322835,VAR,0.73617,1,VAR,,,,,acuerdo,bad,,,2026-09-05,True
251384128,EA,5.4551,1,EA,E,,,,acuerdo,ok,,,2026-09-05,False
251684704,DSCT|GDOR|SXPHE,2.41164,1,DSCT,DST,,,,acuerdo,ok,,,2026-09-05,True
253951250,DSCT|GDOR|SXPHE,3.3144,1,DSCT,DST,,,,acuerdo,maybe,,,2026-09-05,True
256421798,EB,2.00678,1,EB,E,,,,acuerdo,ok,,,2026-09-05,False
256608717,E,2.51134,1,E,E,,,,acuerdo,ok,,,2026-09-05,False
259064165,DSCT|GDOR|SXPHE,8.9919,1,DSCT,DST,,,,acuerdo,bad,,,2026-09-05,False
259108127,E,5.3281,1,E,E,,,,acuerdo,,,,,
262113065,DSCT|GDOR|SXPHE,1.49277,1,DSCT,DST,,,,acuerdo,ok,,,2026-09-05,False
262859209,DCEPS(B),0.631355,1,DCEPS,CEP,,,,acuerdo,ok,,,2026-09-05,False
263335853,EB,3.0115,1,EB,E,,,,acuerdo,ok,,,2026-09-05,False
263422831,BCEP,0.245744,1,BCEP,,,,,acuerdo,ok,,pulsacional noisy,2026-09-05,False
264613619,BCEP,0.164309,1,BCEP,,,,,acuerdo,bad,,,2026-09-05,False
264729815,BCEP,0.59134,1,BCEP,,,,,acuerdo,dudoso,,dudosa,2026-09-05,False
264730031,VAR,0.1089071,1,VAR,,,,,acuerdo,bad,,creo que la LC,2026-09-05,False
264731122,BCEP,0.242323,1,BCEP,,,,,acuerdo,dudoso,,dudosa,2026-09-05,False
264731958,BCEP,0.212227,1,BCEP,,,,,acuerdo,ok,,,2026-09-05,True
264804453,E,1.4307,1,E,E,,,,acuerdo,ok,,,2026-09-05,False
264998628,VAR,0.66391,1,VAR,,,,,acuerdo,ok,,,2026-09-05,True
265298333,BCEP,0.1147205,1,BCEP,,,,,acuerdo,ok,,,2026-09-05,False
266265296,E,2.05161,1,E,E,,,,acuerdo,ok,,,2026-09-05,False
268939674,EW,0.42765,1,EW,E,,,,acuerdo,ok,,,2026-09-05,False
269228211,EW,0.936247,1,EW,E,,,,acuerdo,ok,,,2026-09-05,False
269267602,VAR,1.525,1,VAR,,,,,acuerdo,bad,,,2026-09-05,True
269423650,VAR,0.976296,1,VAR,,,,,acuerdo,unconstrained,,,2026-09-05,True
269818126,EB,3.3593,1,EB,E,,,,acuerdo,ok,,,2026-09-05,False
271443727,MISC,4.3711042,1,MISC,,,,,acuerdo,ok,,,2026-09-05,False
271653404,SPB:,0.33378,1,SPB,,,,,acuerdo,unconstrained,,,2026-09-05,True
272539879,EB/DM,2.1420716,1,EB,E,,,,acuerdo,ok,,,2026-09-05,False
272625912,DSCT|GDOR|SXPHE,0.302557,1,DSCT,DST,,,,acuerdo,ok,,,2026-09-05,False
272833115,E,2.81396,1,E,E,,,,acuerdo,ok,,,2026-09-05,True
274076553,E,4.25873,1,E,E,,,,acuerdo,ok,,,2026-09-05,False
278076037,EB,1.23372,1,EB,E,,,,acuerdo,ok,,,2026-09-05,True
279188128,DSCT|GDOR|SXPHE,0.75617,1,DSCT,DST,,,,acuerdo,ok,,,2026-09-05,False
279236955,BCEP,0.12416075,1,BCEP,,,,,acuerdo,dudoso,,dudosa,2026-09-05,False
280287051,DCEP,7.13357,1,DCEP,CEP,,,,acuerdo,ok,,,2026-09-05,True
280752128,DSCT|GDOR|SXPHE,2.0812,1,DSCT,DST,,,,acuerdo,unconstrained,,,2026-09-05,True
281132210,DSCT|GDOR|SXPHE,2.67457,1,DSCT,DST,,,,acuerdo,unconstrained,,,2026-09-05,True
281643864,BCEP,0.207971,1,BCEP,,,,,acuerdo,ok,,,2026-09-05,False
281648563,BE|GCAS|SDOR|WR,1.76032,1,BE,,,,,acuerdo,unconstrained,,,2026-09-05,True
282737511,DSCT|GDOR|SXPHE,0.31102,1,DSCT,DST,,,,acuerdo,ok,,,2026-09-05,False
283839379,EA,3.862168,1,EA,E,,,,acuerdo,ok,,,2026-09-05,False
285235783,DCEP,4.501697,1,DCEP,CEP,,,,acuerdo,ok,,,2026-09-05,False
285938173,EB,4.2120947,1,EB,E,,,,acuerdo,bad,,,2026-09-05,False
296564787,ED,2.3153,1,ED,E,,,,acuerdo,ok,,,2026-09-05,False
297348512,BCEP,0.1455969,1,BCEP,,,,,acuerdo,ok,,,2026-09-05,False
299952811,DSCT|GDOR|SXPHE,0.74313,1,DSCT,DST,,,,acuerdo,unconstrained,,,2026-09-05,True
301783031,DCEP,4.0226946,1,DCEP,CEP,,,,acuerdo,unconstrained,,,2026-09-05,True
303875170,EA/KE:,3.216917,1,EA,E,,,,acuerdo,ok,,,2026-09-05,False
304015004,EB/DM,2.757717,1,EB,E,,,,acuerdo,ok,,,2026-09-05,True
304279911,BCEP,0.1752161,1,BCEP,,,,,acuerdo,maybe,,,2026-09-05,True
304456803,DSCT|GDOR|SXPHE,1.65439,1,DSCT,DST,,,,acuerdo,unconstrained,,,2026-09-05,True
304844648,CWB,1.63959,1,CWB,CEP,,,,acuerdo,ok,,,2026-09-05,False
304943076,BCEP,0.212214,1,BCEP,,,,,acuerdo,ok,,,2026-09-05,False
305108041,DCEPS,3.99782,1,DCEPS,CEP,,,,acuerdo,bad,,,2026-09-05,True
306492084,EA,5.284,1,EA,E,,,,acuerdo,maybe,,,2026-09-05,True
307242697,DCEP,2.308207,1,DCEP,CEP,,,,acuerdo,maybe,,,2026-09-05,True
312242985,DSCT|GDOR|SXPHE,0.6367,1,DSCT,DST,,,,acuerdo,maybe,,quizas P/2 y ell?,2026-09-05,False
312630206,BCEP,0.1643477,1,BCEP,,,,,acuerdo,ok,,,2026-09-05,False
313399930,BCEP,0.1512293,1,BCEP,,,,,acuerdo,ok,,,2026-09-05,False
313446637,DSCT|GDOR|SXPHE,1.49204,1,DSCT,DST,,,,acuerdo,ok,,,2026-09-05,False
314034197,EA,0.201048,1,EA,E,,,,acuerdo,bad,,,2026-09-05,False
314035434,E,5.347,1,E,E,,,,acuerdo,ok,,,2026-09-05,False
314150303,BCEP,0.367366,1,BCEP,,,,,acuerdo,ok,,,2026-09-05,False
314393072,BCEP,0.231447,1,BCEP,,,,,acuerdo,ok,,,2026-09-05,False
314406170,ED,2.527596,1,ED,E,,,,acuerdo,ok,,,2026-09-05,False
314529804,BCEP,0.0217573,1,BCEP,,,,,acuerdo,bad,,,2026-09-05,False
314833456,VAR,0.23982,1,VAR,,,,,acuerdo,maybe,,,2026-09-05,True
314951512,DCEP,5.44095,1,DCEP,CEP,,,,acuerdo,ok,,,2026-09-05,False
315036866,BCEP,0.480524,1,BCEP,,,,,acuerdo,,,,,
315291647,EB,1.51853,1,EB,E,,,,acuerdo,ok,,,2026-09-05,False
315370725,BCEP,0.2054708,1,BCEP,,,,,acuerdo,maybe,,,2026-09-05,True
315506577,DSCT|GDOR|SXPHE,0.218226,1,DSCT,DST,,,,acuerdo,ok,,,2026-09-05,False
315955586,BCEP,0.161948,1,BCEP,,,,,acuerdo,ok,,,2026-09-05,False
316144493,BCEP,0.214806,1,BCEP,,,,,acuerdo,ok,,,2026-09-05,False
316369054,VAR,0.025168,1,VAR,,,,,acuerdo,bad,,,2026-09-05,True
317035155,EA,4.1233,1,EA,E,,,,acuerdo,ok,,,2026-09-05,False
317162870,E,1.08399,1,E,E,,,,acuerdo,ok,,,2026-09-05,False
317642317,EB/KE,1.38728653,1,EB,E,,,,acuerdo,ok,,,2026-09-05,False
318670307,BCEP,0.16848,1,BCEP,,,,,acuerdo,ok,,,2026-09-05,False
319075697,BE,3.3869,1,BE,,,,,acuerdo,unconstrained,,,2026-09-05,True
319376730,BCEP,0.1533598,1,BCEP,,,,,acuerdo,ok,,,2026-09-05,False
319571497,VAR,9.901504,1,VAR,,,,,acuerdo,unconstrained,,,2026-09-05,True
319571513,EA,1.64603,1,EA,E,,,,acuerdo,bad,,half period,2026-09-05,False
319753914,EC|ESD,1.46976,1,EC,E,,,,acuerdo,ok,,,2026-09-05,False
319936228,EA,9.64645,1,EA,E,,,,acuerdo,ok,,,2026-09-05,True
319936471,EB+GCAS,1.002591,1,EB,E,,,,acuerdo,ok,,,2026-09-05,False
320382418,BE|GCAS|SDOR|WR,4.87582,1,BE,,,,,acuerdo,unconstrained,,,2026-09-05,True
321945301,EA,0.8921687,1,EA,E,,,,acuerdo,ok,,,2026-09-05,False
321947833,EA+BCEP,5.41166,1,EA,E,,,,acuerdo,bad,,,2026-09-05,True
323082858,VAR,8.96218,1,VAR,,,,,acuerdo,unconstrained,,,2026-09-05,True
326815804,EA/DM,6.00471,1,EA,E,,,,acuerdo,unconstrained,,,2026-09-05,True
327774344,ACYG:,4.4827,1,ACYG,,,,,acuerdo,unconstrained,,,2026-09-05,True
328877031,DSCT|GDOR|SXPHE,7.8484,1,DSCT,DST,,,,acuerdo,ok,,,2026-09-05,False
328898847,DCEP,2.987715,1,DCEP,CEP,,,,acuerdo,ok,,,2026-09-05,False
329757506,ACYG,7.273,1,ACYG,,,,,acuerdo,unconstrained,,,2026-09-05,True
329992262,BCEP,0.20289,1,BCEP,,,,,acuerdo,dudoso,,dudosa,2026-09-05,False
331069412,DSCT|GDOR|SXPHE,6.5121,1,DSCT,DST,,,,acuerdo,bad,,half period?  eclipsante bad class,2026-09-05,False
331224359,DCEP,5.331908,1,DCEP,CEP,,,,acuerdo,ok,,,2026-09-05,False
331384932,EA,8.46505,1,EA,E,,,,acuerdo,ok,,,2026-09-05,False
331777139,VAR,0.292013,1,VAR,,,,,acuerdo,bad,,,2026-09-05,True
332460747,ELL,3.08809,1,ELL,ELL,,,,acuerdo,unconstrained,,,2026-09-05,True
334289143,ESD|ED,4.2832,1,ESD,E,,,,acuerdo,ok,,,2026-09-05,False
336964059,EA,4.49244,1,EA,E,,,,acuerdo,ok,,,2026-09-05,True
337170641,EA,1.514807,1,EA,E,,,,acuerdo,ok,,,2026-09-05,False
338426149,EA,3.18867,1,EA,E,,,,acuerdo,ok,,,2026-09-05,False
338738989,BCEP,0.104458,1,BCEP,,,,,acuerdo,,,,,
338739426,EA,1.424447,1,EA,E,,,,acuerdo,ok,,,2026-09-05,False
339563367,EA,1.317716,1,EA,E,,,,acuerdo,ok,,,2026-09-05,False
339564202,EA+HB+SPB:,5.60412,1,EA,E,,,,acuerdo,ok,,Hearbeats? 1 solo ecl,2026-09-05,False
339566276,EA,4.2403,1,EA,E,,,,acuerdo,ok,,,2026-09-05,True
339568071,EA/DM,2.440656,1,EA,E,,,,acuerdo,ok,,,2026-09-05,True
339568187,BCEP,0.10154,1,BCEP,,,,,acuerdo,bad,,,2026-09-05,False
339568213,EA/SD,5.81615,1,EA,E,,,,acuerdo,unconstrained,,,2026-09-05,True
339570153,EA,6.3495,1,EA,E,,,,acuerdo,ok,,,2026-09-05,False
339573009,EA/KE,2.15767,1,EA,E,,,,acuerdo,ok,,,2026-09-05,True
339680552,ESD|ED,1.63204,1,ESD,E,,,,acuerdo,ok,,,2026-09-05,False
341515540,DSCT|GDOR|SXPHE,0.0782857,1,DSCT,DST,,,,acuerdo,ok,,,2026-09-05,False
341889351,VAR,5.70744,1,VAR,,,,,acuerdo,unconstrained,,,2026-09-05,True
342694097,EA,4.34119,1,EA,E,,,,acuerdo,ok,,,2026-09-05,False
342758031,DSCT,0.16728,1,DSCT,DST,,,,acuerdo,ok,,,2026-09-05,False
343119937,EB/KE,1.1428498,1,EB,E,,,,acuerdo,ok,,,2026-09-05,False
343187790,DSCT|GDOR|SXPHE,0.54067,1,DSCT,DST,,,,acuerdo,maybe,,ELL?,2026-09-05,False
343661464,ELL,2.11098,1,ELL,ELL,,,,acuerdo,ok,,,2026-09-05,False
343878276,DSCT|GDOR|SXPHE,5.2807,1,DSCT,DST,,,,acuerdo,ok,,,2026-09-05,True
345466405,VAR,7.25742,1,VAR,,,,,acuerdo,unconstrained,,,2026-09-05,True
346010525,E,2.65865,1,E,E,,,,acuerdo,ok,,,2026-09-05,True
346772837,DSCT|GDOR|SXPHE,6.8097,1,DSCT,DST,,,,acuerdo,bad,,,2026-09-05,True
347306762,EA,4.063704,1,EA,E,,,,acuerdo,ok,,,2026-09-05,True
347486792,BCEP,0.1980419,1,BCEP,,,,,acuerdo,ok,,,2026-09-05,False
347945498,E:,0.7074,1,E,E,,,,acuerdo,bad,,,2026-09-05,False
348136579,BCEP:,0.28619,1,BCEP,,,,,acuerdo,bad,,,2026-09-05,True
348231507,EA,1.73288182,1,EA,E,,,,acuerdo,ok,,,2026-09-05,False
348444452,DSCT|GDOR|SXPHE,3.82127,1,DSCT,DST,,,,acuerdo,bad,,,2026-09-05,True
348474239,DSCT|GDOR|SXPHE,2.66528,1,DSCT,DST,,,,acuerdo,bad,,,2026-09-05,False
348506791,BCEP,0.217257,1,BCEP,,,,,acuerdo,ok,,,2026-09-05,False
348608214,DSCT|GDOR|SXPHE,3.82073,1,DSCT,DST,,,,acuerdo,unconstrained,,,2026-09-05,True
348671462,BE|GCAS|SDOR|WR,1.55089,1,BE,,,,,acuerdo,unconstrained,,,2026-09-05,True
349120591,ACV:,4.617,1,ACV,,,,,acuerdo,ok,,,2026-09-05,False
351331453,ACYG:,3.04822,1,ACYG,,,,,acuerdo,unconstrained,,,2026-09-05,True
352512520,DSCT|GDOR|SXPHE,0.88617,1,DSCT,DST,,,,acuerdo,unconstrained,,half period?,2026-09-05,True
353491274,E,3.40745,1,E,E,,,,acuerdo,ok,,,2026-09-05,False
358347559,BCEP,0.175064,1,BCEP,,,,,acuerdo,ok,,,2026-09-05,False
359533010,SPB:,6.716,1,SPB,,,,,acuerdo,unconstrained,,,2026-09-05,True
360061032,EA,0.93,1,EA,E,,,,acuerdo,bad,,,2026-09-05,False
360371656,BCEP,0.212889,1,BCEP,,,,,acuerdo,ok,,,2026-09-05,False
361324132,BCEP,0.1522501,1,BCEP,,,,,acuerdo,ok,,,2026-09-05,False
367691816,EA,2.0217,1,EA,E,,,,acuerdo,ok,,,2026-09-05,False
367761682,ACYG,1.6299,1,ACYG,,,,,acuerdo,bad,,,2026-09-05,True
370789328,EA,1.544895,1,EA,E,,,,acuerdo,bad,,half period,2026-09-05,False
372115762,BCEP,0.1903576,1,BCEP,,,,,acuerdo,ok,,,2026-09-05,False
372431771,DSCT|GDOR|SXPHE,0.83959,1,DSCT,DST,,,,acuerdo,bad,,half period,2026-09-05,False
372627092,BCEP,0.225097,1,BCEP,,,,,acuerdo,ok,,,2026-09-05,False
372724062,ELL,1.48664,1,ELL,ELL,,,,acuerdo,ok,,,2026-09-05,True
372724218,BCEP,0.18553,1,BCEP,,,,,acuerdo,dudoso,,dudosa,2026-09-05,False
373003716,DSCT|GDOR|SXPHE,1.317,1,DSCT,DST,,,,acuerdo,ok,,,2026-09-05,False
373702832,EA,4.03385,1,EA,E,,,,acuerdo,ok,,,2026-09-05,False
374606947,DSCT|GDOR|SXPHE,2.99162,1,DSCT,DST,,,,acuerdo,bad,,,2026-09-05,True
374982274,BCEP,0.20414,1,BCEP,,,,,acuerdo,ok,,,2026-09-05,False
376749374,BCEP,0.160458,1,BCEP,,,,,acuerdo,ok,,,2026-09-05,False
377900979,EB,2.59908,1,EB,E,,,,acuerdo,ok,,,2026-09-05,False
378061933,ACV|DCEP-FO,3.620279,1,ACV,,,,,acuerdo,ok,,,2026-09-05,True
378290594,BCEP,0.172414,1,BCEP,,,,,acuerdo,ok,,,2026-09-05,False
378373750,BCEP:,0.1648,1,BCEP,,,,,acuerdo,ok,,,2026-09-05,False
378429048,BCEP,0.1532459,1,BCEP,,,,,acuerdo,ok,,,2026-09-05,False
378657811,VAR,0.88074,1,VAR,,,,,acuerdo,maybe,,,2026-09-05,True
378726058,BCEP,0.244185,1,BCEP,,,,,acuerdo,ok,,,2026-09-05,False
379012185,EB,4.747,1,EB,E,,,,acuerdo,ok,,,2026-09-05,True
379012444,SPB,1.1348,1,SPB,,,,,acuerdo,ok,,,2026-09-05,False
380435021,BCEP,0.1171995,1,BCEP,,,,,acuerdo,ok,,,2026-09-05,False
380733445,BCEP,0.142149,1,BCEP,,,,,acuerdo,ok,,,2026-09-05,False
383075869,VAR,2.87043,1,VAR,,,,,acuerdo,unconstrained,,,2026-09-05,True
384533802,VAR,0.19372,1,VAR,,,,,acuerdo,ok,,,2026-09-05,False
384812248,EB/DM,3.368753,1,EB,E,,,,acuerdo,ok,,,2026-09-05,False
385669265,VAR,3.677706,1,VAR,,,,,acuerdo,bad,,,2026-09-05,False
386047543,VAR,1.268619,1,VAR,,,,,acuerdo,bad,,,2026-09-05,False
386624472,EA+PULS,6.271529,1,EA,E,,,,acuerdo,bad,,half period,2026-09-05,False
388112818,SPB:,3.4376,1,SPB,,,,,acuerdo,ok,,multiperiodica pero se ve el periodo dom,2026-09-05,True
388327122,DSCT|GDOR|SXPHE,2.94134,1,DSCT,DST,,,,acuerdo,unconstrained,,,2026-09-05,True
389531769,EB,2.3727,1,EB,E,,,,acuerdo,ok,,,2026-09-05,False
389538282,E,6.339,1,E,E,,,,acuerdo,ok,,,2026-09-05,True
390393750,EA/DM,3.4132987,1,EA,E,,,,acuerdo,ok,,,2026-09-05,False
390408482,EB/DM,2.92687,1,EB,E,,,,acuerdo,ok,,,2026-09-05,True
390542554,DCEP(B),2.87598,1,DCEP,CEP,,,,acuerdo,ok,,,2026-09-05,False
390596947,EW:,0.317968,1,EW,E,,,,acuerdo,ok,,,2026-09-05,False
391082033,BCEP,0.106423,1,BCEP,,,,,acuerdo,ok,,,2026-09-05,False
391414157,E,1.83518,1,E,E,,,,acuerdo,ok,,,2026-09-05,False
391622082,DSCT|GDOR|SXPHE,0.0805781,1,DSCT,DST,,,,acuerdo,unconstrained,,,2026-09-05,True
391771897,DSCT|GDOR|SXPHE,3.2341,1,DSCT,DST,,,,acuerdo,unconstrained,,,2026-09-05,True
392965683,BCEP,0.0296496,1,BCEP,,,,,acuerdo,bad,,mal periodo se ve variacion,2026-09-05,False
395232198,DSCT|GDOR|SXPHE,2.70717,1,DSCT,DST,,,,acuerdo,unconstrained,,,2026-09-05,True
397221078,BCEP,0.0552328,1,BCEP,,,,,acuerdo,bad,,,2026-09-05,False
399354108,EB,6.161,1,EB,E,,,,acuerdo,ok,,,2026-09-05,False
400166377,E,1.10949,1,E,E,,,,acuerdo,bad,,half period?,2026-09-05,False
400602950,VAR,5.75043,1,VAR,,,,,acuerdo,unconstrained,,,2026-09-05,True
400700797,ACYG,0.8461,1,ACYG,,,,,acuerdo,unconstrained,,,2026-09-05,True
402016727,EB/DM,1.992321,1,EB,E,,,,acuerdo,ok,,,2026-09-05,True
403338682,BE|GCAS|SDOR|WR,5.4578,1,BE,,,,,acuerdo,unconstrained,,,2026-09-05,True
405029193,VAR,0.08929,1,VAR,,,,,acuerdo,bad,,,2026-09-05,True
406696133,BCEP,0.137947,1,BCEP,,,,,acuerdo,,,,,
406965391,EA,1.84628,1,EA,E,,,,acuerdo,ok,,,2026-09-05,False
406966772,ELL,1.41061,1,ELL,ELL,,,,acuerdo,ok,,,2026-09-05,True
407517307,DSCT|GDOR|SXPHE,7.5728,1,DSCT,DST,,,,acuerdo,unconstrained,,,2026-09-05,True
407858712,ESD|ED,3.5417,1,ESD,E,,,,acuerdo,bad,,doble del periodo real,2026-09-05,False
408937625,EA/DM:,4.0656497,1,EA,E,,,,acuerdo,ok,,,2026-09-05,True
409112742,EB,1.996,1,EB,E,,,,acuerdo,ok,,,2026-09-05,False
410492272,BCEP,0.2104922,1,BCEP,,,,,acuerdo,ok,,,2026-09-05,False
410522328,EB,1.4957396,1,EB,E,,,,acuerdo,ok,,,2026-09-05,True
411043004,EW/KE,0.806187,1,EW,E,,,,acuerdo,ok,,,2026-09-05,False
412032557,DCEP(B),4.317,1,DCEP,CEP,,,,acuerdo,unconstrained,,,2026-09-05,True
413296783,BE|GCAS|SDOR|WR,5.9345,1,BE,,,,,acuerdo,bad,,,2026-09-05,True
413530267,EA/KE:,6.791,1,EA,E,,,,acuerdo,ok,,,2026-09-05,False
414019028,EA,4.3594,1,EA,E,,,,acuerdo,bad,,half period,2026-09-05,False
414106069,EA,2.63743,1,EA,E,,,,acuerdo,ok,,,2026-09-05,False
414282662,DSCT|GDOR|SXPHE,6.5055,1,DSCT,DST,,,,acuerdo,unconstrained,,,2026-09-05,True
415165528,VAR,1.80437,1,VAR,,,,,acuerdo,ok,,,2026-09-05,False
419863268,DSCT|GDOR|SXPHE,4.43408,1,DSCT,DST,,,,acuerdo,bad,,half period?,2026-09-05,True
419921689,DCEP,4.864453,1,DCEP,CEP,,,,acuerdo,ok,,,2026-09-05,False
420295471,EA,1.4037308,1,EA,E,,,,acuerdo,ok,,,2026-09-05,False
421084921,CEP,3.63975019,1,CEP,CEP,,,,acuerdo,ok,,,2026-09-05,True
421782795,E/WR+E:,6.6883,1,E,E,,,,acuerdo,unconstrained,,,2026-09-05,True
422016001,SPBe,0.7869,1,SPBE,,,,,acuerdo,maybe,,,2026-09-05,True
424048289,SXARI/E,0.770153,1,SXARI,,,,,acuerdo,ok,,,2026-09-05,False
426256249,E,7.847,1,E,E,,,,acuerdo,ok,,,2026-09-05,False
428008896,DSCT|GDOR|SXPHE,3.62399,1,DSCT,DST,,,,acuerdo,ok,,,2026-09-05,False
428184259,VAR,0.0387874,1,VAR,,,,,acuerdo,bad,,,2026-09-05,False
428246029,E,1.83164,1,E,E,,,,acuerdo,bad,,,2026-09-05,False
428410937,EA,1.8735703,1,EA,E,,,,acuerdo,bad,,,2026-09-05,False
428480895,DSCT|GDOR|SXPHE,1.42453,1,DSCT,DST,,,,acuerdo,bad,,,2026-09-05,False
429863444,DSCT,0.14037,1,DSCT,DST,,,,acuerdo,ok,,,2026-09-05,False
429864788,EA,4.2812,1,EA,E,,,,acuerdo,ok,,,2026-09-05,False
429944492,BCEP:,0.2,1,BCEP,,,,,acuerdo,bad,,no periodo prob,2026-09-05,False
430296386,DCEP,4.323776,1,DCEP,CEP,,,,acuerdo,ok,,,2026-09-05,False
433382888,BCEP,0.184661,1,BCEP,,,,,acuerdo,ok,,,2026-09-05,False
433838033,BCEP,0.240742,1,BCEP,,,,,acuerdo,ok,,,2026-09-05,False
435102199,EA,2.04388,1,EA,E,,,,acuerdo,ok,,,2026-09-05,False
435361808,E,1.47675,1,E,E,,,,acuerdo,ok,,,2026-09-05,True
435409370,DSCT|GDOR|SXPHE,0.0784733,1,DSCT,DST,,,,acuerdo,bad,,,2026-09-05,True
435725796,BE|GCAS|SDOR|WR,2.02047,1,BE,,,,,acuerdo,bad,,,2026-09-05,True
436077712,BCEP,0.212974,1,BCEP,,,,,acuerdo,ok,,,2026-09-05,False
436240475,BCEP,0.1534503,1,BCEP,,,,,acuerdo,ok,,,2026-09-05,False
436272344,BCEP,0.133,1,BCEP,,,,,acuerdo,,,,,
436901392,SPB:,0.683823,1,SPB,,,,,acuerdo,bad,,,2026-09-05,True
438068992,VAR,9.90151,1,VAR,,,,,acuerdo,bad,,,2026-09-05,True
438114587,VAR,9.901506,1,VAR,,,,,acuerdo,bad,,,2026-09-05,False
438357427,BCEP,0.236403,1,BCEP,,,,,acuerdo,ok,,,2026-09-05,False
439168784,BCEP,0.189127,1,BCEP,,,,,acuerdo,ok,,,2026-09-05,False
439173767,EB/KE:,1.8759517,1,EB,E,,,,acuerdo,ok,,,2026-09-05,True
439665110,EA,10.6033,1,EA,E,,,,acuerdo,ok,,,2026-09-05,True
439670072,EA,5.97872,1,EA,E,,,,acuerdo,ok,,,2026-09-05,True
440340055,ZZLep,0.21,1,ZZLEP,,,,,acuerdo,bad,,,2026-09-05,False
441226132,DSCT|GDOR|SXPHE,1.5121,1,DSCT,DST,,,,acuerdo,bad,,,2026-09-05,False
443397649,EA/SD,2.853001,1,EA,E,,,,acuerdo,ok,,,2026-09-05,False
443528451,ACYG,5.11771,1,ACYG,,,,,acuerdo,unconstrained,,,2026-09-05,True
444113639,E,0.77618,1,E,E,,,,acuerdo,maybe,,,2026-09-05,True
444136462,DSCT|GDOR|SXPHE,1.70663,1,DSCT,DST,,,,acuerdo,bad,,half? period ELL,2026-09-05,False
444325059,VAR,1.64347,1,VAR,,,,,acuerdo,bad,,,2026-09-05,True
444752336,DPV/ELL,9.4394,1,DPV,,,,,acuerdo,bad,,,2026-09-05,True
444762019,EA,6.68275,1,EA,E,,,,acuerdo,ok,,,2026-09-05,False
445256790,BCEP,0.1671728,1,BCEP,,,,,acuerdo,ok,,,2026-09-05,False
445542388,DSCT|GDOR|SXPHE,1.36234,1,DSCT,DST,,,,acuerdo,ok,,,2026-09-05,True
445544695,DSCT|GDOR|SXPHE,2.12285,1,DSCT,DST,,,,acuerdo,bad,,half,2026-09-05,False
445625389,E,1.7881,1,E,E,,,,acuerdo,ok,,,2026-09-05,False
448594570,BCEP,0.1996795,1,BCEP,,,,,acuerdo,ok,,,2026-09-05,False
448970102,DSCT|GDOR|SXPHE,0.77343,1,DSCT,DST,,,,acuerdo,ok,,,2026-09-05,True
449517017,EB/KE,1.495093,1,EB,E,,,,acuerdo,ok,,,2026-09-05,False
450463355,DCEPS,2.305935,1,DCEPS,CEP,,,,acuerdo,ok,,,2026-09-05,False
452097145,ESD,4.0093,1,ESD,E,,,,acuerdo,ok,,,2026-09-05,False
452107356,BCEP,0.1335493,1,BCEP,,,,,acuerdo,ok,,,2026-09-05,False
452335793,EA/DM,2.2508645,1,EA,E,,,,acuerdo,ok,,,2026-09-05,False
453309830,E,1.3938,1,E,E,,,,acuerdo,ok,,,2026-09-05,False
456701522,DSCT|GDOR|SXPHE,4.17762,1,DSCT,DST,,,,acuerdo,unconstrained,,,2026-09-05,True
456763140,DCEP,4.28537,1,DCEP,CEP,,,,acuerdo,unconstrained,,,2026-09-05,True
457345960,BCEP,0.2126401,1,BCEP,,,,,acuerdo,ok,,,2026-09-05,False
457346528,EA,2.0453,1,EA,E,,,,acuerdo,ok,,,2026-09-05,False
457628302,VAR,0.6,1,VAR,,,,,acuerdo,bad,,,2026-09-05,True
457739634,ELL,3.3977,1,ELL,ELL,,,,acuerdo,ok,,,2026-09-05,True
457801419,DCEP(B),3.63976,1,DCEP,CEP,,,,acuerdo,unconstrained,,,2026-09-05,True
457975502,BCEP,0.168833,1,BCEP,,,,,acuerdo,ok,,,2026-09-05,False
457975630,ELL:,2.0621,1,ELL,ELL,,,,acuerdo,bad,,,2026-09-05,False
457975914,BCEP,0.14575,1,BCEP,,,,,acuerdo,ok,,,2026-09-05,False
458076250,ACYG,6.445,1,ACYG,,,,,acuerdo,bad,,,2026-09-05,False
458076374,BCEP,0.152,1,BCEP,,,,,acuerdo,unconstrained,,,2026-09-05,True
458076392,BCEP,0.250621,1,BCEP,,,,,acuerdo,ok,,,2026-09-05,False
458076434,EA+BCEP,8.32472,1,EA,E,,,,acuerdo,ok,,el periodo real eran los 8 dias,2026-09-05,False
458076489,VAR,3.9302,1,VAR,,,,,acuerdo,unconstrained,,,2026-09-05,True
458076652,BCEP,0.16,1,BCEP,,,,,acuerdo,bad,,,2026-09-05,False
458076693,BCEP,0.2274,1,BCEP,,,,,acuerdo,ok,,,2026-09-05,False
458404466,ELL,1.29595,1,ELL,ELL,,,,acuerdo,ok,,,2026-09-05,False
458438308,BCEP,0.234606,1,BCEP,,,,,acuerdo,ok,,,2026-09-05,True
458440560,GCAS+LERI,0.483815,1,GCAS,,,,,acuerdo,bad,,,2026-09-05,False
458728948,EA,9.4109,1,EA,E,,,,acuerdo,ok,,,2026-09-05,False
458831281,BCEP,0.179359,1,BCEP,,,,,acuerdo,bad,,,2026-09-05,False
458856474,ELL,6.0803,1,ELL,ELL,,,,acuerdo,bad,,half period,2026-09-05,False
458859554,EA,2.15286,1,EA,E,,,,acuerdo,ok,,,2026-09-05,True
458875828,EA/DM,2.310952,1,EA,E,,,,acuerdo,ok,,,2026-09-05,True
458991248,DCEP,4.86,1,DCEP,CEP,,,,acuerdo,bad,,,2026-09-05,False
459026773,ELL,1.9018,1,ELL,ELL,,,,acuerdo,ok,,,2026-09-05,False
459133606,ACYG,1.83009,1,ACYG,,,,,acuerdo,unconstrained,,,2026-09-05,True
460500497,VAR,3.3129,1,VAR,,,,,acuerdo,unconstrained,,,2026-09-05,True
460532362,DCEP,5.543726,1,DCEP,CEP,,,,acuerdo,unconstrained,,,2026-09-05,True
460720215,BCEP,0.135341,1,BCEP,,,,,acuerdo,ok,,,2026-09-05,False
460792365,EB,3.67205,1,EB,E,,,,acuerdo,ok,,,2026-09-05,True
460864765,DCEP,5.20466,1,DCEP,CEP,,,,acuerdo,ok,,,2026-09-05,False
460977279,BCEP,0.230719,1,BCEP,,,,,acuerdo,ok,,,2026-09-05,False
461873432,BE|GCAS|SDOR|WR,3.26486,1,BE,,,,,acuerdo,unconstrained,,,2026-09-05,True
462236255,SPB:,0.66091,1,SPB,,,,,acuerdo,unconstrained,,,2026-09-05,True
462320181,BCEP,0.194127,1,BCEP,,,,,acuerdo,unconstrained,,,2026-09-05,True
462636537,ELL,3.75806,1,ELL,ELL,,,,acuerdo,ok,,,2026-09-05,False
463255713,E/SD,7.969388,1,E,E,,,,acuerdo,ok,,,2026-09-05,False
464072693,DSCT|GDOR|SXPHE,0.0745399,1,DSCT,DST,,,,acuerdo,bad,,,2026-09-05,False
464631821,EB,5.562168,1,EB,E,,,,acuerdo,ok,,,2026-09-05,False
464635983,EA,7.3546,1,EA,E,,,,acuerdo,ok,,,2026-09-05,True
464730621,ELL,2.10883,1,ELL,ELL,,,,acuerdo,ok,,,2026-09-05,True
464738620,EA,3.12881,1,EA,E,,,,acuerdo,ok,,,2026-09-05,False
465018235,DSCT|GDOR|SXPHE,2.55814,1,DSCT,DST,,,,acuerdo,unconstrained,,,2026-09-05,True
465145959,BCEP,0.2078958,1,BCEP,,,,,acuerdo,ok,,,2026-09-05,True
465348709,DCEP,4.67461,1,DCEP,CEP,,,,acuerdo,ok,,,2026-09-05,False
466156210,BCEP,0.1625394,1,BCEP,,,,,acuerdo,ok,,,2026-09-05,False
466300568,ELL,2.3815,1,ELL,ELL,,,,acuerdo,ok,,,2026-09-05,False
466592679,VAR,0.1807161,1,VAR,,,,,acuerdo,maybe,,,2026-09-05,True
467023914,BCEP,0.1485792,1,BCEP,,,,,acuerdo,ok,,,2026-09-05,False
467051092,EA,5.38294,1,EA,E,,,,acuerdo,ok,,,2026-09-05,False
467055341,EA,0.9628,1,EA,E,,,,acuerdo,ok,,,2026-09-05,False
467238286,EA/DM,3.41427,1,EA,E,,,,acuerdo,ok,,,2026-09-05,False
467279235,ELL,3.93616,1,ELL,ELL,,,,acuerdo,ok,,,2026-09-05,True
467283255,BCEP,0.1931032,1,BCEP,,,,,acuerdo,ok,,,2026-09-05,False
467448794,BCEP,0.1853522,1,BCEP,,,,,acuerdo,ok,,,2026-09-05,True
467817623,BCEP,0.221508,1,BCEP,,,,,acuerdo,bad,,,2026-09-05,True
469221047,BCEP,0.2250778,1,BCEP,,,,,acuerdo,bad,,,2026-09-05,True
469857617,EB/DM,1.630486,1,EB,E,,,,acuerdo,ok,,,2026-09-05,False
470354978,DSCT|GDOR|SXPHE,0.0914419,1,DSCT,DST,,,,acuerdo,bad,,,2026-09-05,False
470795363,DSCT|GDOR|SXPHE,4.10949,1,DSCT,DST,,,,acuerdo,bad,,,2026-09-05,False
470910164,DSCT|GDOR|SXPHE,1.81241,1,DSCT,DST,,,,acuerdo,bad,,,2026-09-05,True
